INSERT INTO chi_nhanh(ma, ten, email, dia_chi) VALUES("CNH000000000", "Cơ Sở 1", "lienhe@sahafake.coso1.com", "Hoàng Hữu Nam, Long Thạnh Mỹ, Quận 9, Thành phố Hồ Chí Minh, Vietnam");
INSERT INTO chi_nhanh(ma, ten, email, dia_chi) VALUES("CNH000000001", "Cơ Sở 2", "lienhe@sahafake.coso2.com", "Khu Công Nghệ Cao, Long Thạnh Mỹ, Quận 9, Thành phố Hồ Chí Minh, Vietnam");
INSERT INTO sdt_chi_nhanh(ma_chi_nhanh, sdt) VALUES("CNH000000000", "0989000000");
INSERT INTO sdt_chi_nhanh(ma_chi_nhanh, sdt) VALUES("CNH000000001", "0989000001");
INSERT INTO sdt_chi_nhanh(ma_chi_nhanh, sdt) VALUES("CNH000000001", "0989000002");
INSERT INTO sdt_chi_nhanh(ma_chi_nhanh, sdt) VALUES("CNH000000000", "0989000003");
INSERT INTO sdt_chi_nhanh(ma_chi_nhanh, sdt) VALUES("CNH000000000", "0989000004");
INSERT INTO nhan_vien(ma, ho, ten, ngay_sinh, email, sdt, dia_chi, cccd, luong, thoi_gian_bat_dau_lam, ma_chi_nhanh, ma_quan_ly) VALUES("NVI000000000", "Dương Gia", "Phụ", STR_TO_DATE("18-2-1981", "%d-%m-%Y"), "duong.gia.phu.202@sahafake.com", "0989000005", "RQQW+HJX, Tăng Nhơn Phú A, Quận 9, Quận 9 Hồ Chí Minh, Vietnam", "070802000000", 4420000, STR_TO_DATE("1-12-2018", "%d-%m-%Y"), "CNH000000001", "NVI000000009");
INSERT INTO nhan_vien(ma, ho, ten, ngay_sinh, email, sdt, dia_chi, cccd, luong, thoi_gian_bat_dau_lam, ma_chi_nhanh, ma_quan_ly) VALUES("NVI000000001", "Đặng Gia", "Khái", STR_TO_DATE("12-6-1985", "%d-%m-%Y"), "dang.gia.khai.203@sahafake.com", "0989000006", "15D Số 12, Tăng Nhơn Phú A, Quận 9, Thành phố Hồ Chí Minh, Vietnam", "070802000001", 17680000, STR_TO_DATE("7-1-2013", "%d-%m-%Y"), "CNH000000000", "NVI000000001");
INSERT INTO nhan_vien(ma, ho, ten, ngay_sinh, email, sdt, dia_chi, cccd, luong, thoi_gian_bat_dau_lam, ma_chi_nhanh, ma_quan_ly) VALUES("NVI000000002", "Lê Thanh", "Khổng", STR_TO_DATE("5-10-1980", "%d-%m-%Y"), "le.thanh.khong.204@sahafake.com", "0989000007", "43 Đường Số 245, khu phố 5, Quận 9, Thành phố Hồ Chí Minh 700000, Vietnam", "070802000002", 17680000, STR_TO_DATE("7-3-2010", "%d-%m-%Y"), "CNH000000000", "NVI000000001");
INSERT INTO nhan_vien(ma, ho, ten, ngay_sinh, email, sdt, dia_chi, cccd, luong, thoi_gian_bat_dau_lam, ma_chi_nhanh, ma_quan_ly) VALUES("NVI000000003", "Huỳnh Gia", "Khai", STR_TO_DATE("9-7-1986", "%d-%m-%Y"), "huynh.gia.khai.205@sahafake.com", "0989000008", "12/86C Đ. Lê Văn Việt, Phường Tân Phú, Quận 9, Thành phố Hồ Chí Minh, Vietnam", "070802000003", 8840000, STR_TO_DATE("17-4-2017", "%d-%m-%Y"), "CNH000000001", "NVI000000009");
INSERT INTO nhan_vien(ma, ho, ten, ngay_sinh, email, sdt, dia_chi, cccd, luong, thoi_gian_bat_dau_lam, ma_chi_nhanh, ma_quan_ly) VALUES("NVI000000004", "Đỗ Gia", "Dược", STR_TO_DATE("31-10-1983", "%d-%m-%Y"), "do.gia.duoc.206@sahafake.com", "0989000009", "7/11A,Đường 182,Phường Tăng Nhơn Phú A,Quận 9,Tp, Thành phố Hồ Chí Minh 70000, Vietnam", "070802000004", 13260000, STR_TO_DATE("17-8-2013", "%d-%m-%Y"), "CNH000000000", "NVI000000001");
INSERT INTO nhan_vien(ma, ho, ten, ngay_sinh, email, sdt, dia_chi, cccd, luong, thoi_gian_bat_dau_lam, ma_chi_nhanh, ma_quan_ly) VALUES("NVI000000005", "Lê Anh", "Trắc", STR_TO_DATE("27-4-1999", "%d-%m-%Y"), "le.anh.trac.207@sahafake.com", "0989000010", "VR79+87H, Long Thạnh Mỹ, Quận 9, Thành phố Hồ Chí Minh, Vietnam", "070802000005", 4420000, STR_TO_DATE("31-5-2020", "%d-%m-%Y"), "CNH000000000", "NVI000000001");
INSERT INTO nhan_vien(ma, ho, ten, ngay_sinh, email, sdt, dia_chi, cccd, luong, thoi_gian_bat_dau_lam, ma_chi_nhanh, ma_quan_ly) VALUES("NVI000000006", "Lê Gia", "Nương", STR_TO_DATE("30-5-1988", "%d-%m-%Y"), "le.gia.nuong.208@sahafake.com", "0989000011", "Đường Số 2, Long Thạnh Mỹ, Quận 9, Thành phố Hồ Chí Minh, Vietnam", "070802000006", 4420000, STR_TO_DATE("28-1-2020", "%d-%m-%Y"), "CNH000000001", "NVI000000009");
INSERT INTO nhan_vien(ma, ho, ten, ngay_sinh, email, sdt, dia_chi, cccd, luong, thoi_gian_bat_dau_lam, ma_chi_nhanh, ma_quan_ly) VALUES("NVI000000007", "Bùi Gia", "Ninh", STR_TO_DATE("15-4-1991", "%d-%m-%Y"), "bui.gia.ninh.209@sahafake.com", "0989000012", "20/1/3 Đường Số 295, Long Thạnh Mỹ, Quận 9, Thành phố Hồ Chí Minh 700000, Vietnam", "070802000007", 8840000, STR_TO_DATE("25-6-2018", "%d-%m-%Y"), "CNH000000000", "NVI000000001");
INSERT INTO nhan_vien(ma, ho, ten, ngay_sinh, email, sdt, dia_chi, cccd, luong, thoi_gian_bat_dau_lam, ma_chi_nhanh, ma_quan_ly) VALUES("NVI000000008", "Lý Thanh", "Tuần", STR_TO_DATE("21-3-1991", "%d-%m-%Y"), "ly.thanh.tuan.210@sahafake.com", "0989000013", "4 Số 12, Tăng Nhơn Phú A, Quận 9, Thành phố Hồ Chí Minh, Vietnam", "070802000008", 4420000, STR_TO_DATE("2-9-2020", "%d-%m-%Y"), "CNH000000001", "NVI000000009");
INSERT INTO nhan_vien(ma, ho, ten, ngay_sinh, email, sdt, dia_chi, cccd, luong, thoi_gian_bat_dau_lam, ma_chi_nhanh, ma_quan_ly) VALUES("NVI000000009", "Bùi Thanh", "Phả", STR_TO_DATE("24-5-1997", "%d-%m-%Y"), "bui.thanh.pha.211@sahafake.com", "0989000014", "1 Đường Số 2, Long Thạnh Mỹ, Quận 9, Thành phố Hồ Chí Minh, Vietnam", "070802000009", 8840000, STR_TO_DATE("2-10-2020", "%d-%m-%Y"), "CNH000000001", "NVI000000009");
INSERT INTO thu_ngan(ma, ma_quay, doanh_so) VALUES("NVI000000008", "QUA000000000", 12902000);
INSERT INTO thu_ngan(ma, ma_quay, doanh_so) VALUES("NVI000000003", "QUA000000001", 17786000);
INSERT INTO thu_ngan(ma, ma_quay, doanh_so) VALUES("NVI000000002", "QUA000000002", 14464000);
INSERT INTO thu_ngan(ma, ma_quay, doanh_so) VALUES("NVI000000007", "QUA000000003", 11156000);
INSERT INTO thu_ngan(ma, ma_quay, doanh_so) VALUES("NVI000000005", "QUA000000004", 16889000);
INSERT INTO thu_ngan(ma, ma_quay, doanh_so) VALUES("NVI000000004", "QUA000000005", 18289000);
INSERT INTO quan_ly(ma, ma_chi_nhanh) VALUES("NVI000000001", "CNH000000000");
INSERT INTO quan_ly(ma, ma_chi_nhanh) VALUES("NVI000000009", "CNH000000001");
INSERT INTO don_hang(ma, ngay_tao, so_luong, tong_tien, ma_thu_ngan, ma_thanh_vien, ma_quan_ly) VALUES("DHA000000000", STR_TO_DATE("6-9-2020", "%d-%m-%Y"), 2, 2262000, "NVI000000004", null, "NVI000000001");
INSERT INTO don_hang(ma, ngay_tao, so_luong, tong_tien, ma_thu_ngan, ma_thanh_vien, ma_quan_ly) VALUES("DHA000000001", STR_TO_DATE("13-11-2020", "%d-%m-%Y"), 2, 1426000, "NVI000000007", null, "NVI000000001");
INSERT INTO don_hang(ma, ngay_tao, so_luong, tong_tien, ma_thu_ngan, ma_thanh_vien, ma_quan_ly) VALUES("DHA000000002", STR_TO_DATE("7-3-2021", "%d-%m-%Y"), 1, 2114000, "NVI000000002", null, "NVI000000001");
INSERT INTO don_hang(ma, ngay_tao, so_luong, tong_tien, ma_thu_ngan, ma_thanh_vien, ma_quan_ly) VALUES("DHA000000003", STR_TO_DATE("18-6-2021", "%d-%m-%Y"), 1, 968000, "NVI000000005", null, "NVI000000001");
INSERT INTO don_hang(ma, ngay_tao, so_luong, tong_tien, ma_thu_ngan, ma_thanh_vien, ma_quan_ly) VALUES("DHA000000004", STR_TO_DATE("15-11-2021", "%d-%m-%Y"), 1, 1000000, "NVI000000003", null, "NVI000000009");
INSERT INTO don_hang(ma, ngay_tao, so_luong, tong_tien, ma_thu_ngan, ma_thanh_vien, ma_quan_ly) VALUES("DHA000000005", STR_TO_DATE("3-12-2020", "%d-%m-%Y"), 1, 968000, "NVI000000008", null, "NVI000000009");
INSERT INTO don_hang(ma, ngay_tao, so_luong, tong_tien, ma_thu_ngan, ma_thanh_vien, ma_quan_ly) VALUES("DHA000000006", STR_TO_DATE("17-3-2021", "%d-%m-%Y"), 1, 1099000, "NVI000000003", "070802000011", "NVI000000009");
INSERT INTO don_hang(ma, ngay_tao, so_luong, tong_tien, ma_thu_ngan, ma_thanh_vien, ma_quan_ly) VALUES("DHA000000007", STR_TO_DATE("8-4-2020", "%d-%m-%Y"), 1, 1099000, "NVI000000005", null, "NVI000000001");
INSERT INTO don_hang(ma, ngay_tao, so_luong, tong_tien, ma_thu_ngan, ma_thanh_vien, ma_quan_ly) VALUES("DHA000000008", STR_TO_DATE("21-10-2021", "%d-%m-%Y"), 1, 1492000, "NVI000000007", null, "NVI000000001");
INSERT INTO don_hang(ma, ngay_tao, so_luong, tong_tien, ma_thu_ngan, ma_thanh_vien, ma_quan_ly) VALUES("DHA000000009", STR_TO_DATE("6-3-2020", "%d-%m-%Y"), 2, 4228000, "NVI000000002", "070802000012", "NVI000000001");
INSERT INTO don_hang(ma, ngay_tao, so_luong, tong_tien, ma_thu_ngan, ma_thanh_vien, ma_quan_ly) VALUES("DHA000000010", STR_TO_DATE("29-6-2020", "%d-%m-%Y"), 2, 3058000, "NVI000000008", null, "NVI000000009");
INSERT INTO don_hang(ma, ngay_tao, so_luong, tong_tien, ma_thu_ngan, ma_thanh_vien, ma_quan_ly) VALUES("DHA000000011", STR_TO_DATE("7-2-2021", "%d-%m-%Y"), 2, 1959000, "NVI000000004", "070802000010", "NVI000000001");
INSERT INTO don_hang(ma, ngay_tao, so_luong, tong_tien, ma_thu_ngan, ma_thanh_vien, ma_quan_ly) VALUES("DHA000000012", STR_TO_DATE("7-10-2020", "%d-%m-%Y"), 2, 2665000, "NVI000000002", null, "NVI000000001");
INSERT INTO don_hang(ma, ngay_tao, so_luong, tong_tien, ma_thu_ngan, ma_thanh_vien, ma_quan_ly) VALUES("DHA000000013", STR_TO_DATE("24-3-2021", "%d-%m-%Y"), 2, 2665000, "NVI000000005", null, "NVI000000001");
INSERT INTO don_hang(ma, ngay_tao, so_luong, tong_tien, ma_thu_ngan, ma_thanh_vien, ma_quan_ly) VALUES("DHA000000014", STR_TO_DATE("18-1-2021", "%d-%m-%Y"), 1, 991000, "NVI000000008", null, "NVI000000009");
INSERT INTO don_hang(ma, ngay_tao, so_luong, tong_tien, ma_thu_ngan, ma_thanh_vien, ma_quan_ly) VALUES("DHA000000015", STR_TO_DATE("4-1-2020", "%d-%m-%Y"), 2, 1795000, "NVI000000003", null, "NVI000000009");
INSERT INTO don_hang(ma, ngay_tao, so_luong, tong_tien, ma_thu_ngan, ma_thanh_vien, ma_quan_ly) VALUES("DHA000000016", STR_TO_DATE("21-12-2020", "%d-%m-%Y"), 1, 2558000, "NVI000000007", null, "NVI000000001");
INSERT INTO don_hang(ma, ngay_tao, so_luong, tong_tien, ma_thu_ngan, ma_thanh_vien, ma_quan_ly) VALUES("DHA000000017", STR_TO_DATE("19-11-2021", "%d-%m-%Y"), 2, 4050000, "NVI000000004", "070802000011", "NVI000000001");
INSERT INTO don_hang(ma, ngay_tao, so_luong, tong_tien, ma_thu_ngan, ma_thanh_vien, ma_quan_ly) VALUES("DHA000000018", STR_TO_DATE("25-2-2021", "%d-%m-%Y"), 2, 1460000, "NVI000000005", "070802000012", "NVI000000001");
INSERT INTO don_hang(ma, ngay_tao, so_luong, tong_tien, ma_thu_ngan, ma_thanh_vien, ma_quan_ly) VALUES("DHA000000019", STR_TO_DATE("24-5-2020", "%d-%m-%Y"), 1, 991000, "NVI000000004", null, "NVI000000001");
INSERT INTO bao_gom(ma_don, ma_quyen_sach) VALUES("DHA000000000", "QSA000000009");
INSERT INTO bao_gom(ma_don, ma_quyen_sach) VALUES("DHA000000016", "QSA000000051");
INSERT INTO bao_gom(ma_don, ma_quyen_sach) VALUES("DHA000000015", "QSA000000058");
INSERT INTO bao_gom(ma_don, ma_quyen_sach) VALUES("DHA000000014", "QSA000000011");
INSERT INTO bao_gom(ma_don, ma_quyen_sach) VALUES("DHA000000002", "QSA000000080");
INSERT INTO bao_gom(ma_don, ma_quyen_sach) VALUES("DHA000000001", "QSA000000003");
INSERT INTO bao_gom(ma_don, ma_quyen_sach) VALUES("DHA000000007", "QSA000000032");
INSERT INTO bao_gom(ma_don, ma_quyen_sach) VALUES("DHA000000019", "QSA000000086");
INSERT INTO bao_gom(ma_don, ma_quyen_sach) VALUES("DHA000000011", "QSA000000067");
INSERT INTO bao_gom(ma_don, ma_quyen_sach) VALUES("DHA000000017", "QSA000000089");
INSERT INTO bao_gom(ma_don, ma_quyen_sach) VALUES("DHA000000005", "QSA000000037");
INSERT INTO bao_gom(ma_don, ma_quyen_sach) VALUES("DHA000000012", "QSA000000065");
INSERT INTO bao_gom(ma_don, ma_quyen_sach) VALUES("DHA000000003", "QSA000000040");
INSERT INTO bao_gom(ma_don, ma_quyen_sach) VALUES("DHA000000018", "QSA000000062");
INSERT INTO bao_gom(ma_don, ma_quyen_sach) VALUES("DHA000000013", "QSA000000087");
INSERT INTO bao_gom(ma_don, ma_quyen_sach) VALUES("DHA000000006", "QSA000000077");
INSERT INTO bao_gom(ma_don, ma_quyen_sach) VALUES("DHA000000008", "QSA000000092");
INSERT INTO bao_gom(ma_don, ma_quyen_sach) VALUES("DHA000000004", "QSA000000041");
INSERT INTO bao_gom(ma_don, ma_quyen_sach) VALUES("DHA000000009", "QSA000000050");
INSERT INTO bao_gom(ma_don, ma_quyen_sach) VALUES("DHA000000010", "QSA000000094");
INSERT INTO bao_gom(ma_don, ma_quyen_sach) VALUES("DHA000000011", "QSA000000023");
INSERT INTO bao_gom(ma_don, ma_quyen_sach) VALUES("DHA000000013", "QSA000000002");
INSERT INTO bao_gom(ma_don, ma_quyen_sach) VALUES("DHA000000000", "QSA000000000");
INSERT INTO bao_gom(ma_don, ma_quyen_sach) VALUES("DHA000000012", "QSA000000017");
INSERT INTO bao_gom(ma_don, ma_quyen_sach) VALUES("DHA000000017", "QSA000000097");
INSERT INTO bao_gom(ma_don, ma_quyen_sach) VALUES("DHA000000009", "QSA000000076");
INSERT INTO bao_gom(ma_don, ma_quyen_sach) VALUES("DHA000000015", "QSA000000010");
INSERT INTO bao_gom(ma_don, ma_quyen_sach) VALUES("DHA000000001", "QSA000000055");
INSERT INTO bao_gom(ma_don, ma_quyen_sach) VALUES("DHA000000010", "QSA000000054");
INSERT INTO bao_gom(ma_don, ma_quyen_sach) VALUES("DHA000000018", "QSA000000027");
INSERT INTO don_hang_online(ma, ngay_dat, so_luong, tong_tien, ma_thanh_vien, ma_don_offline) VALUES("DHO000000000", STR_TO_DATE("7-10-2020", "%d-%m-%Y"), 5, 7830000, "070802000011", null);
INSERT INTO don_hang_online(ma, ngay_dat, so_luong, tong_tien, ma_thanh_vien, ma_don_offline) VALUES("DHO000000001", STR_TO_DATE("3-5-2021", "%d-%m-%Y"), 9, 8730000, "070802000012", null);
INSERT INTO don_hang_online(ma, ngay_dat, so_luong, tong_tien, ma_thanh_vien, ma_don_offline) VALUES("DHO000000002", STR_TO_DATE("17-11-2020", "%d-%m-%Y"), 8, 7928000, "070802000010", null);
INSERT INTO don_hang_online(ma, ngay_dat, so_luong, tong_tien, ma_thanh_vien, ma_don_offline) VALUES("DHO000000003", STR_TO_DATE("8-6-2021", "%d-%m-%Y"), 10, 11972000, "070802000012", null);
INSERT INTO don_hang_online(ma, ngay_dat, so_luong, tong_tien, ma_thanh_vien, ma_don_offline) VALUES("DHO000000004", STR_TO_DATE("7-4-2021", "%d-%m-%Y"), 1, 1492000, "070802000010", null);
INSERT INTO bao_gom_online(ma_don, ma_dau_sach, so_luong) VALUES("DHO000000003", "DSA000000003", 8);
INSERT INTO bao_gom_online(ma_don, ma_dau_sach, so_luong) VALUES("DHO000000002", "DSA000000008", 8);
INSERT INTO bao_gom_online(ma_don, ma_dau_sach, so_luong) VALUES("DHO000000004", "DSA000000009", 1);
INSERT INTO bao_gom_online(ma_don, ma_dau_sach, so_luong) VALUES("DHO000000001", "DSA000000001", 1);
INSERT INTO bao_gom_online(ma_don, ma_dau_sach, so_luong) VALUES("DHO000000000", "DSA000000002", 5);
INSERT INTO bao_gom_online(ma_don, ma_dau_sach, so_luong) VALUES("DHO000000001", "DSA000000004", 8);
INSERT INTO bao_gom_online(ma_don, ma_dau_sach, so_luong) VALUES("DHO000000003", "DSA000000005", 2);
INSERT INTO thanh_vien(cccd, ho, ten, email, sdt, dia_chi) VALUES("070802000010", "Đặng Anh", "Hỷ", "dang.anh.hy.212@gmail.com", "0989000015", "Lô I5-1, đường N7, Khu Công Nghệ Cao, Phường Tăng Nhơn Phú A, Hồ Chí Minh, Vietnam");
INSERT INTO thanh_vien(cccd, ho, ten, email, sdt, dia_chi) VALUES("070802000011", "Trần Anh", "Nhiêu", "tran.anh.nhieu.213@gmail.com", "0989000016", "72 Đ. Lê Văn Việt, Phường Tân Phú, Quận 9, Thành phố Hồ Chí Minh, Vietnam");
INSERT INTO thanh_vien(cccd, ho, ten, email, sdt, dia_chi) VALUES("070802000012", "Vũ Gia", "Tiến", "vu.gia.tien.214@gmail.com", "0989000017", "Lô I5-3a, 3b, Khu Công Nghệ Cao, Tăng Nhơn Phú A, Thành Phố Thủ Đức, Thành phố Hồ Chí Minh, Vietnam");
INSERT INTO dau_sach(ma, ten, tac_gia, the_loai, gia_nhap, gia_niem_yet, so_luong, ma_nha_xuat_ban) VALUES("DSA000000000", "Trò chơi con mực", "Đặng Thanh Ðan", "truyện", 2302000, 2558000, 10, "NXB000000001");
INSERT INTO dau_sach(ma, ten, tac_gia, the_loai, gia_nhap, gia_niem_yet, so_luong, ma_nha_xuat_ban) VALUES("DSA000000001", "Giấc mơ của Sasa", "Huỳnh Thanh Thiết", "truyện", 657000, 730000, 10, "NXB000000000");
INSERT INTO dau_sach(ma, ten, tac_gia, the_loai, gia_nhap, gia_niem_yet, so_luong, ma_nha_xuat_ban) VALUES("DSA000000002", "Nhà hóa học", "Huỳnh Anh Hạng", "truyện", 1409000, 1566000, 10, "NXB000000001");
INSERT INTO dau_sach(ma, ten, tac_gia, the_loai, gia_nhap, gia_niem_yet, so_luong, ma_nha_xuat_ban) VALUES("DSA000000003", "Chinh phục IELTS", "Phạm Gia Uy", "giáo dục", 871000, 968000, 10, "NXB000000000");
INSERT INTO dau_sach(ma, ten, tac_gia, the_loai, gia_nhap, gia_niem_yet, so_luong, ma_nha_xuat_ban) VALUES("DSA000000004", "Chúa và con người", "Ngô Duyên", "kiến thức", 900000, 1000000, 10, "NXB000000000");
INSERT INTO dau_sach(ma, ten, tac_gia, the_loai, gia_nhap, gia_niem_yet, so_luong, ma_nha_xuat_ban) VALUES("DSA000000005", "Tâm lý học cơ bản", "Hoàng Thanh Chiếm", "kiến thức", 1902000, 2114000, 10, "NXB000000001");
INSERT INTO dau_sach(ma, ten, tac_gia, the_loai, gia_nhap, gia_niem_yet, so_luong, ma_nha_xuat_ban) VALUES("DSA000000006", "Những con số thay đổi thế giới", "Nguyễn Diệp", "kiến thức", 989000, 1099000, 10, "NXB000000000");
INSERT INTO dau_sach(ma, ten, tac_gia, the_loai, gia_nhap, gia_niem_yet, so_luong, ma_nha_xuat_ban) VALUES("DSA000000007", "Lời giải tiếng Anh 12", "Hoàng Tổ", "giáo dục", 626000, 696000, 10, "NXB000000001");
INSERT INTO dau_sach(ma, ten, tac_gia, the_loai, gia_nhap, gia_niem_yet, so_luong, ma_nha_xuat_ban) VALUES("DSA000000008", "Tô vẽ bình yên", "Hoàng Gia Luyện", "sách vẽ", 891000, 991000, 10, "NXB000000001");
INSERT INTO dau_sach(ma, ten, tac_gia, the_loai, gia_nhap, gia_niem_yet, so_luong, ma_nha_xuat_ban) VALUES("DSA000000009", "Bá tước Ca-lốt", "Lý Gia Lại", "truyện", 1342000, 1492000, 10, "NXB000000000");
INSERT INTO quyen_sach(ma, ma_dau_sach, ma_chi_nhanh) VALUES("QSA000000000", "DSA000000002", "CNH000000001");
INSERT INTO quyen_sach(ma, ma_dau_sach, ma_chi_nhanh) VALUES("QSA000000001", "DSA000000000", "CNH000000000");
INSERT INTO quyen_sach(ma, ma_dau_sach, ma_chi_nhanh) VALUES("QSA000000002", "DSA000000006", "CNH000000001");
INSERT INTO quyen_sach(ma, ma_dau_sach, ma_chi_nhanh) VALUES("QSA000000003", "DSA000000001", "CNH000000000");
INSERT INTO quyen_sach(ma, ma_dau_sach, ma_chi_nhanh) VALUES("QSA000000004", "DSA000000009", "CNH000000000");
INSERT INTO quyen_sach(ma, ma_dau_sach, ma_chi_nhanh) VALUES("QSA000000005", "DSA000000004", "CNH000000001");
INSERT INTO quyen_sach(ma, ma_dau_sach, ma_chi_nhanh) VALUES("QSA000000006", "DSA000000008", "CNH000000001");
INSERT INTO quyen_sach(ma, ma_dau_sach, ma_chi_nhanh) VALUES("QSA000000007", "DSA000000005", "CNH000000000");
INSERT INTO quyen_sach(ma, ma_dau_sach, ma_chi_nhanh) VALUES("QSA000000008", "DSA000000003", "CNH000000000");
INSERT INTO quyen_sach(ma, ma_dau_sach, ma_chi_nhanh) VALUES("QSA000000009", "DSA000000007", "CNH000000001");
INSERT INTO quyen_sach(ma, ma_dau_sach, ma_chi_nhanh) VALUES("QSA000000010", "DSA000000007", "CNH000000000");
INSERT INTO quyen_sach(ma, ma_dau_sach, ma_chi_nhanh) VALUES("QSA000000011", "DSA000000008", "CNH000000001");
INSERT INTO quyen_sach(ma, ma_dau_sach, ma_chi_nhanh) VALUES("QSA000000012", "DSA000000009", "CNH000000000");
INSERT INTO quyen_sach(ma, ma_dau_sach, ma_chi_nhanh) VALUES("QSA000000013", "DSA000000000", "CNH000000001");
INSERT INTO quyen_sach(ma, ma_dau_sach, ma_chi_nhanh) VALUES("QSA000000014", "DSA000000002", "CNH000000000");
INSERT INTO quyen_sach(ma, ma_dau_sach, ma_chi_nhanh) VALUES("QSA000000015", "DSA000000003", "CNH000000001");
INSERT INTO quyen_sach(ma, ma_dau_sach, ma_chi_nhanh) VALUES("QSA000000016", "DSA000000005", "CNH000000000");
INSERT INTO quyen_sach(ma, ma_dau_sach, ma_chi_nhanh) VALUES("QSA000000017", "DSA000000006", "CNH000000001");
INSERT INTO quyen_sach(ma, ma_dau_sach, ma_chi_nhanh) VALUES("QSA000000018", "DSA000000004", "CNH000000000");
INSERT INTO quyen_sach(ma, ma_dau_sach, ma_chi_nhanh) VALUES("QSA000000019", "DSA000000001", "CNH000000001");
INSERT INTO quyen_sach(ma, ma_dau_sach, ma_chi_nhanh) VALUES("QSA000000020", "DSA000000003", "CNH000000000");
INSERT INTO quyen_sach(ma, ma_dau_sach, ma_chi_nhanh) VALUES("QSA000000021", "DSA000000009", "CNH000000001");
INSERT INTO quyen_sach(ma, ma_dau_sach, ma_chi_nhanh) VALUES("QSA000000022", "DSA000000007", "CNH000000000");
INSERT INTO quyen_sach(ma, ma_dau_sach, ma_chi_nhanh) VALUES("QSA000000023", "DSA000000008", "CNH000000001");
INSERT INTO quyen_sach(ma, ma_dau_sach, ma_chi_nhanh) VALUES("QSA000000024", "DSA000000004", "CNH000000001");
INSERT INTO quyen_sach(ma, ma_dau_sach, ma_chi_nhanh) VALUES("QSA000000025", "DSA000000006", "CNH000000000");
INSERT INTO quyen_sach(ma, ma_dau_sach, ma_chi_nhanh) VALUES("QSA000000026", "DSA000000000", "CNH000000001");
INSERT INTO quyen_sach(ma, ma_dau_sach, ma_chi_nhanh) VALUES("QSA000000027", "DSA000000001", "CNH000000000");
INSERT INTO quyen_sach(ma, ma_dau_sach, ma_chi_nhanh) VALUES("QSA000000028", "DSA000000005", "CNH000000001");
INSERT INTO quyen_sach(ma, ma_dau_sach, ma_chi_nhanh) VALUES("QSA000000029", "DSA000000002", "CNH000000000");
INSERT INTO quyen_sach(ma, ma_dau_sach, ma_chi_nhanh) VALUES("QSA000000030", "DSA000000005", "CNH000000000");
INSERT INTO quyen_sach(ma, ma_dau_sach, ma_chi_nhanh) VALUES("QSA000000031", "DSA000000002", "CNH000000001");
INSERT INTO quyen_sach(ma, ma_dau_sach, ma_chi_nhanh) VALUES("QSA000000032", "DSA000000006", "CNH000000001");
INSERT INTO quyen_sach(ma, ma_dau_sach, ma_chi_nhanh) VALUES("QSA000000033", "DSA000000007", "CNH000000000");
INSERT INTO quyen_sach(ma, ma_dau_sach, ma_chi_nhanh) VALUES("QSA000000034", "DSA000000008", "CNH000000000");
INSERT INTO quyen_sach(ma, ma_dau_sach, ma_chi_nhanh) VALUES("QSA000000035", "DSA000000001", "CNH000000001");
INSERT INTO quyen_sach(ma, ma_dau_sach, ma_chi_nhanh) VALUES("QSA000000036", "DSA000000000", "CNH000000001");
INSERT INTO quyen_sach(ma, ma_dau_sach, ma_chi_nhanh) VALUES("QSA000000037", "DSA000000003", "CNH000000000");
INSERT INTO quyen_sach(ma, ma_dau_sach, ma_chi_nhanh) VALUES("QSA000000038", "DSA000000004", "CNH000000001");
INSERT INTO quyen_sach(ma, ma_dau_sach, ma_chi_nhanh) VALUES("QSA000000039", "DSA000000009", "CNH000000000");
INSERT INTO quyen_sach(ma, ma_dau_sach, ma_chi_nhanh) VALUES("QSA000000040", "DSA000000003", "CNH000000001");
INSERT INTO quyen_sach(ma, ma_dau_sach, ma_chi_nhanh) VALUES("QSA000000041", "DSA000000004", "CNH000000000");
INSERT INTO quyen_sach(ma, ma_dau_sach, ma_chi_nhanh) VALUES("QSA000000042", "DSA000000005", "CNH000000000");
INSERT INTO quyen_sach(ma, ma_dau_sach, ma_chi_nhanh) VALUES("QSA000000043", "DSA000000007", "CNH000000001");
INSERT INTO quyen_sach(ma, ma_dau_sach, ma_chi_nhanh) VALUES("QSA000000044", "DSA000000001", "CNH000000000");
INSERT INTO quyen_sach(ma, ma_dau_sach, ma_chi_nhanh) VALUES("QSA000000045", "DSA000000009", "CNH000000001");
INSERT INTO quyen_sach(ma, ma_dau_sach, ma_chi_nhanh) VALUES("QSA000000046", "DSA000000002", "CNH000000001");
INSERT INTO quyen_sach(ma, ma_dau_sach, ma_chi_nhanh) VALUES("QSA000000047", "DSA000000000", "CNH000000000");
INSERT INTO quyen_sach(ma, ma_dau_sach, ma_chi_nhanh) VALUES("QSA000000048", "DSA000000008", "CNH000000001");
INSERT INTO quyen_sach(ma, ma_dau_sach, ma_chi_nhanh) VALUES("QSA000000049", "DSA000000006", "CNH000000000");
INSERT INTO quyen_sach(ma, ma_dau_sach, ma_chi_nhanh) VALUES("QSA000000050", "DSA000000005", "CNH000000001");
INSERT INTO quyen_sach(ma, ma_dau_sach, ma_chi_nhanh) VALUES("QSA000000051", "DSA000000000", "CNH000000000");
INSERT INTO quyen_sach(ma, ma_dau_sach, ma_chi_nhanh) VALUES("QSA000000052", "DSA000000001", "CNH000000001");
INSERT INTO quyen_sach(ma, ma_dau_sach, ma_chi_nhanh) VALUES("QSA000000053", "DSA000000002", "CNH000000000");
INSERT INTO quyen_sach(ma, ma_dau_sach, ma_chi_nhanh) VALUES("QSA000000054", "DSA000000009", "CNH000000001");
INSERT INTO quyen_sach(ma, ma_dau_sach, ma_chi_nhanh) VALUES("QSA000000055", "DSA000000007", "CNH000000000");
INSERT INTO quyen_sach(ma, ma_dau_sach, ma_chi_nhanh) VALUES("QSA000000056", "DSA000000008", "CNH000000001");
INSERT INTO quyen_sach(ma, ma_dau_sach, ma_chi_nhanh) VALUES("QSA000000057", "DSA000000004", "CNH000000000");
INSERT INTO quyen_sach(ma, ma_dau_sach, ma_chi_nhanh) VALUES("QSA000000058", "DSA000000006", "CNH000000001");
INSERT INTO quyen_sach(ma, ma_dau_sach, ma_chi_nhanh) VALUES("QSA000000059", "DSA000000003", "CNH000000000");
INSERT INTO quyen_sach(ma, ma_dau_sach, ma_chi_nhanh) VALUES("QSA000000060", "DSA000000008", "CNH000000001");
INSERT INTO quyen_sach(ma, ma_dau_sach, ma_chi_nhanh) VALUES("QSA000000061", "DSA000000009", "CNH000000000");
INSERT INTO quyen_sach(ma, ma_dau_sach, ma_chi_nhanh) VALUES("QSA000000062", "DSA000000001", "CNH000000001");
INSERT INTO quyen_sach(ma, ma_dau_sach, ma_chi_nhanh) VALUES("QSA000000063", "DSA000000004", "CNH000000000");
INSERT INTO quyen_sach(ma, ma_dau_sach, ma_chi_nhanh) VALUES("QSA000000064", "DSA000000005", "CNH000000001");
INSERT INTO quyen_sach(ma, ma_dau_sach, ma_chi_nhanh) VALUES("QSA000000065", "DSA000000002", "CNH000000000");
INSERT INTO quyen_sach(ma, ma_dau_sach, ma_chi_nhanh) VALUES("QSA000000066", "DSA000000000", "CNH000000001");
INSERT INTO quyen_sach(ma, ma_dau_sach, ma_chi_nhanh) VALUES("QSA000000067", "DSA000000003", "CNH000000000");
INSERT INTO quyen_sach(ma, ma_dau_sach, ma_chi_nhanh) VALUES("QSA000000068", "DSA000000007", "CNH000000001");
INSERT INTO quyen_sach(ma, ma_dau_sach, ma_chi_nhanh) VALUES("QSA000000069", "DSA000000006", "CNH000000000");
INSERT INTO quyen_sach(ma, ma_dau_sach, ma_chi_nhanh) VALUES("QSA000000070", "DSA000000001", "CNH000000001");
INSERT INTO quyen_sach(ma, ma_dau_sach, ma_chi_nhanh) VALUES("QSA000000071", "DSA000000009", "CNH000000000");
INSERT INTO quyen_sach(ma, ma_dau_sach, ma_chi_nhanh) VALUES("QSA000000072", "DSA000000008", "CNH000000001");
INSERT INTO quyen_sach(ma, ma_dau_sach, ma_chi_nhanh) VALUES("QSA000000073", "DSA000000000", "CNH000000000");
INSERT INTO quyen_sach(ma, ma_dau_sach, ma_chi_nhanh) VALUES("QSA000000074", "DSA000000003", "CNH000000001");
INSERT INTO quyen_sach(ma, ma_dau_sach, ma_chi_nhanh) VALUES("QSA000000075", "DSA000000002", "CNH000000000");
INSERT INTO quyen_sach(ma, ma_dau_sach, ma_chi_nhanh) VALUES("QSA000000076", "DSA000000005", "CNH000000000");
INSERT INTO quyen_sach(ma, ma_dau_sach, ma_chi_nhanh) VALUES("QSA000000077", "DSA000000006", "CNH000000001");
INSERT INTO quyen_sach(ma, ma_dau_sach, ma_chi_nhanh) VALUES("QSA000000078", "DSA000000004", "CNH000000000");
INSERT INTO quyen_sach(ma, ma_dau_sach, ma_chi_nhanh) VALUES("QSA000000079", "DSA000000007", "CNH000000001");
INSERT INTO quyen_sach(ma, ma_dau_sach, ma_chi_nhanh) VALUES("QSA000000080", "DSA000000005", "CNH000000000");
INSERT INTO quyen_sach(ma, ma_dau_sach, ma_chi_nhanh) VALUES("QSA000000081", "DSA000000000", "CNH000000001");
INSERT INTO quyen_sach(ma, ma_dau_sach, ma_chi_nhanh) VALUES("QSA000000082", "DSA000000001", "CNH000000000");
INSERT INTO quyen_sach(ma, ma_dau_sach, ma_chi_nhanh) VALUES("QSA000000083", "DSA000000003", "CNH000000001");
INSERT INTO quyen_sach(ma, ma_dau_sach, ma_chi_nhanh) VALUES("QSA000000084", "DSA000000004", "CNH000000000");
INSERT INTO quyen_sach(ma, ma_dau_sach, ma_chi_nhanh) VALUES("QSA000000085", "DSA000000006", "CNH000000001");
INSERT INTO quyen_sach(ma, ma_dau_sach, ma_chi_nhanh) VALUES("QSA000000086", "DSA000000008", "CNH000000001");
INSERT INTO quyen_sach(ma, ma_dau_sach, ma_chi_nhanh) VALUES("QSA000000087", "DSA000000002", "CNH000000000");
INSERT INTO quyen_sach(ma, ma_dau_sach, ma_chi_nhanh) VALUES("QSA000000088", "DSA000000007", "CNH000000000");
INSERT INTO quyen_sach(ma, ma_dau_sach, ma_chi_nhanh) VALUES("QSA000000089", "DSA000000009", "CNH000000001");
INSERT INTO quyen_sach(ma, ma_dau_sach, ma_chi_nhanh) VALUES("QSA000000090", "DSA000000001", "CNH000000001");
INSERT INTO quyen_sach(ma, ma_dau_sach, ma_chi_nhanh) VALUES("QSA000000091", "DSA000000005", "CNH000000000");
INSERT INTO quyen_sach(ma, ma_dau_sach, ma_chi_nhanh) VALUES("QSA000000092", "DSA000000009", "CNH000000000");
INSERT INTO quyen_sach(ma, ma_dau_sach, ma_chi_nhanh) VALUES("QSA000000093", "DSA000000003", "CNH000000001");
INSERT INTO quyen_sach(ma, ma_dau_sach, ma_chi_nhanh) VALUES("QSA000000094", "DSA000000002", "CNH000000001");
INSERT INTO quyen_sach(ma, ma_dau_sach, ma_chi_nhanh) VALUES("QSA000000095", "DSA000000004", "CNH000000000");
INSERT INTO quyen_sach(ma, ma_dau_sach, ma_chi_nhanh) VALUES("QSA000000096", "DSA000000006", "CNH000000000");
INSERT INTO quyen_sach(ma, ma_dau_sach, ma_chi_nhanh) VALUES("QSA000000097", "DSA000000000", "CNH000000001");
INSERT INTO quyen_sach(ma, ma_dau_sach, ma_chi_nhanh) VALUES("QSA000000098", "DSA000000008", "CNH000000000");
INSERT INTO quyen_sach(ma, ma_dau_sach, ma_chi_nhanh) VALUES("QSA000000099", "DSA000000007", "CNH000000001");
INSERT INTO nha_xuat_ban(ma, ten, email, sdt, dia_chi, website) VALUES("NXB000000000", "Hồng Đức", "lienhe@hongduc.com", "0989000018", "65 Tràng Thi, Hà Nội", "www.hongduc.com");
INSERT INTO nha_xuat_ban(ma, ten, email, sdt, dia_chi, website) VALUES("NXB000000001", "Kim đồng", "lienhe@kimdong.com", "0989000019", "55 Quang Trung, Hà Nội, Việt Nam", "www.kimdong.com");
INSERT INTO voucher(ma, thoi_gian_bat_dau_hieu_luc, thoi_gian_het_hieu_luc, ma_don_hang, ma_thanh_vien, da_su_dung) VALUES("VOU000000000", STR_TO_DATE("25-5-2021", "%d-%m-%Y"), STR_TO_DATE("21-6-2021", "%d-%m-%Y"), null, "070802000010", False);
INSERT INTO voucher(ma, thoi_gian_bat_dau_hieu_luc, thoi_gian_het_hieu_luc, ma_don_hang, ma_thanh_vien, da_su_dung) VALUES("VOU000000001", STR_TO_DATE("7-2-2021", "%d-%m-%Y"), STR_TO_DATE("24-5-2021", "%d-%m-%Y"), null, "070802000012", False);
INSERT INTO voucher(ma, thoi_gian_bat_dau_hieu_luc, thoi_gian_het_hieu_luc, ma_don_hang, ma_thanh_vien, da_su_dung) VALUES("VOU000000002", STR_TO_DATE("24-1-2021", "%d-%m-%Y"), STR_TO_DATE("30-4-2021", "%d-%m-%Y"), null, "070802000011", False);
INSERT INTO giam_gia(ma, phan_tram_giam, giam_toi_da) VALUES("VOU000000000", 0.47, 309000);
INSERT INTO giam_gia_van_chuyen(ma, phan_tram_giam, giam_toi_da) VALUES("VOU000000001", 0.36, 30000);
INSERT INTO giam_gia_van_chuyen(ma, phan_tram_giam, giam_toi_da) VALUES("VOU000000002", 0.56, 57000);
INSERT INTO ap_dung_cho(ma_voucher, ma_dau_sach) VALUES("VOU000000000", "DSA000000004");
INSERT INTO ap_dung_cho(ma_voucher, ma_dau_sach) VALUES("VOU000000000", "DSA000000003");
INSERT INTO ap_dung_cho(ma_voucher, ma_dau_sach) VALUES("VOU000000000", "DSA000000007");
