INSERT INTO chi_nhanh(ma, ten, email, dia_chi) VALUES("CNH000000000", "Cơ Sở 1", "lienhe@sahafake.coso1.com", "4 Số 12, Tăng Nhơn Phú A, Quận 9, Thành phố Hồ Chí Minh, Vietnam");
INSERT INTO chi_nhanh(ma, ten, email, dia_chi) VALUES("CNH000000001", "Cơ Sở 2", "lienhe@sahafake.coso2.com", "Đường Số 2, Long Thạnh Mỹ, Quận 9, Thành phố Hồ Chí Minh, Vietnam");
INSERT INTO sdt_chi_nhanh(ma_chi_nhanh, sdt) VALUES("CNH000000001", "0989000000");
INSERT INTO sdt_chi_nhanh(ma_chi_nhanh, sdt) VALUES("CNH000000000", "0989000001");
INSERT INTO sdt_chi_nhanh(ma_chi_nhanh, sdt) VALUES("CNH000000001", "0989000002");
INSERT INTO sdt_chi_nhanh(ma_chi_nhanh, sdt) VALUES("CNH000000000", "0989000003");
INSERT INTO sdt_chi_nhanh(ma_chi_nhanh, sdt) VALUES("CNH000000000", "0989000004");
INSERT INTO nhan_vien(ma, ho, ten, ngay_sinh, email, sdt, dia_chi, cccd, luong, thoi_gian_bat_dau_lam, ma_chi_nhanh, ma_quan_ly) VALUES("NVI000000000", "Hoàng", "Cúc", STR_TO_DATE("18-12-1985", "%d-%m-%Y"), "hoang.cuc.7585@sahafake.com", "0989000005", "VR79+87H, Long Thạnh Mỹ, Quận 9, Thành phố Hồ Chí Minh, Vietnam", "070802000000", 17680000, STR_TO_DATE("5-7-2011", "%d-%m-%Y"), "CNH000000000", "NVI000000007");
INSERT INTO nhan_vien(ma, ho, ten, ngay_sinh, email, sdt, dia_chi, cccd, luong, thoi_gian_bat_dau_lam, ma_chi_nhanh, ma_quan_ly) VALUES("NVI000000001", "Lê Thanh", "Nhĩ", STR_TO_DATE("16-8-1999", "%d-%m-%Y"), "le.thanh.nhi.7586@sahafake.com", "0989000006", "72 Đ. Lê Văn Việt, Phường Tân Phú, Quận 9, Thành phố Hồ Chí Minh, Vietnam", "070802000001", 17680000, STR_TO_DATE("26-12-2011", "%d-%m-%Y"), "CNH000000001", "NVI000000009");
INSERT INTO nhan_vien(ma, ho, ten, ngay_sinh, email, sdt, dia_chi, cccd, luong, thoi_gian_bat_dau_lam, ma_chi_nhanh, ma_quan_ly) VALUES("NVI000000002", "Đặng", "Tuyền", STR_TO_DATE("13-7-1988", "%d-%m-%Y"), "dang.tuyen.7587@sahafake.com", "0989000007", "Đường Số 2, Long Thạnh Mỹ, Quận 9, Thành phố Hồ Chí Minh, Vietnam", "070802000002", 8840000, STR_TO_DATE("6-8-2017", "%d-%m-%Y"), "CNH000000001", "NVI000000009");
INSERT INTO nhan_vien(ma, ho, ten, ngay_sinh, email, sdt, dia_chi, cccd, luong, thoi_gian_bat_dau_lam, ma_chi_nhanh, ma_quan_ly) VALUES("NVI000000003", "Phan Anh", "Vọng", STR_TO_DATE("22-11-1996", "%d-%m-%Y"), "phan.anh.vong.7588@sahafake.com", "0989000008", "Lô I5-3a, 3b, Khu Công Nghệ Cao, Tăng Nhơn Phú A, Thành Phố Thủ Đức, Thành phố Hồ Chí Minh, Vietnam", "070802000003", 13260000, STR_TO_DATE("7-3-2014", "%d-%m-%Y"), "CNH000000000", "NVI000000007");
INSERT INTO nhan_vien(ma, ho, ten, ngay_sinh, email, sdt, dia_chi, cccd, luong, thoi_gian_bat_dau_lam, ma_chi_nhanh, ma_quan_ly) VALUES("NVI000000004", "Vũ", "Lý", STR_TO_DATE("21-8-1996", "%d-%m-%Y"), "vu.ly.7589@sahafake.com", "0989000009", "Lô I5-1, đường N7, Khu Công Nghệ Cao, Phường Tăng Nhơn Phú A, Hồ Chí Minh, Vietnam", "070802000004", 8840000, STR_TO_DATE("8-12-2016", "%d-%m-%Y"), "CNH000000000", "NVI000000007");
INSERT INTO nhan_vien(ma, ho, ten, ngay_sinh, email, sdt, dia_chi, cccd, luong, thoi_gian_bat_dau_lam, ma_chi_nhanh, ma_quan_ly) VALUES("NVI000000005", "Võ Anh", "Canh", STR_TO_DATE("5-11-1990", "%d-%m-%Y"), "vo.anh.canh.7590@sahafake.com", "0989000010", "15D Số 12, Tăng Nhơn Phú A, Quận 9, Thành phố Hồ Chí Minh, Vietnam", "070802000005", 4420000, STR_TO_DATE("3-10-2021", "%d-%m-%Y"), "CNH000000001", "NVI000000009");
INSERT INTO nhan_vien(ma, ho, ten, ngay_sinh, email, sdt, dia_chi, cccd, luong, thoi_gian_bat_dau_lam, ma_chi_nhanh, ma_quan_ly) VALUES("NVI000000006", "Phạm Anh", "Khái", STR_TO_DATE("10-6-1980", "%d-%m-%Y"), "pham.anh.khai.7591@sahafake.com", "0989000011", "Khu Công Nghệ Cao, Long Thạnh Mỹ, Quận 9, Thành phố Hồ Chí Minh, Vietnam", "070802000006", 13260000, STR_TO_DATE("17-7-2015", "%d-%m-%Y"), "CNH000000000", "NVI000000007");
INSERT INTO nhan_vien(ma, ho, ten, ngay_sinh, email, sdt, dia_chi, cccd, luong, thoi_gian_bat_dau_lam, ma_chi_nhanh, ma_quan_ly) VALUES("NVI000000007", "Phan", "Duy", STR_TO_DATE("8-9-1989", "%d-%m-%Y"), "phan.duy.7592@sahafake.com", "0989000012", "1 Đường Số 2, Long Thạnh Mỹ, Quận 9, Thành phố Hồ Chí Minh, Vietnam", "070802000007", 17680000, STR_TO_DATE("27-2-2015", "%d-%m-%Y"), "CNH000000000", "NVI000000007");
INSERT INTO nhan_vien(ma, ho, ten, ngay_sinh, email, sdt, dia_chi, cccd, luong, thoi_gian_bat_dau_lam, ma_chi_nhanh, ma_quan_ly) VALUES("NVI000000008", "Trần Thanh", "Thi", STR_TO_DATE("27-11-1980", "%d-%m-%Y"), "tran.thanh.thi.7593@sahafake.com", "0989000013", "20/1/3 Đường Số 295, Long Thạnh Mỹ, Quận 9, Thành phố Hồ Chí Minh 700000, Vietnam", "070802000008", 4420000, STR_TO_DATE("31-7-2021", "%d-%m-%Y"), "CNH000000001", "NVI000000009");
INSERT INTO nhan_vien(ma, ho, ten, ngay_sinh, email, sdt, dia_chi, cccd, luong, thoi_gian_bat_dau_lam, ma_chi_nhanh, ma_quan_ly) VALUES("NVI000000009", "Lê Thanh", "Năm", STR_TO_DATE("27-11-1992", "%d-%m-%Y"), "le.thanh.nam.7594@sahafake.com", "0989000014", "RQQW+HJX, Tăng Nhơn Phú A, Quận 9, Quận 9 Hồ Chí Minh, Vietnam", "070802000009", 17680000, STR_TO_DATE("3-2-2011", "%d-%m-%Y"), "CNH000000001", "NVI000000009");
INSERT INTO thu_ngan(ma, ma_quay, doanh_so) VALUES("NVI000000001", "QUA000000000", 18115000);
INSERT INTO thu_ngan(ma, ma_quay, doanh_so) VALUES("NVI000000000", "QUA000000001", 19066000);
INSERT INTO thu_ngan(ma, ma_quay, doanh_so) VALUES("NVI000000003", "QUA000000002", 11741000);
INSERT INTO thu_ngan(ma, ma_quay, doanh_so) VALUES("NVI000000006", "QUA000000003", 14891000);
INSERT INTO thu_ngan(ma, ma_quay, doanh_so) VALUES("NVI000000002", "QUA000000004", 10514000);
INSERT INTO thu_ngan(ma, ma_quay, doanh_so) VALUES("NVI000000005", "QUA000000005", 13496000);
INSERT INTO quan_ly(ma, ma_chi_nhanh) VALUES("NVI000000007", "CNH000000000");
INSERT INTO quan_ly(ma, ma_chi_nhanh) VALUES("NVI000000009", "CNH000000001");
INSERT INTO don_hang(ma, ngay_tao, so_luong, tong_tien, ma_thu_ngan, ma_thanh_vien, ma_quan_ly) VALUES("DHA000000000", STR_TO_DATE("15-8-2020", "%d-%m-%Y"), 1, 2593000, "NVI000000003", null, "NVI000000007");
INSERT INTO don_hang(ma, ngay_tao, so_luong, tong_tien, ma_thu_ngan, ma_thanh_vien, ma_quan_ly) VALUES("DHA000000001", STR_TO_DATE("17-3-2021", "%d-%m-%Y"), 2, 3085000, "NVI000000005", null, "NVI000000009");
INSERT INTO don_hang(ma, ngay_tao, so_luong, tong_tien, ma_thu_ngan, ma_thanh_vien, ma_quan_ly) VALUES("DHA000000002", STR_TO_DATE("14-4-2020", "%d-%m-%Y"), 2, 997000, "NVI000000006", null, "NVI000000007");
INSERT INTO don_hang(ma, ngay_tao, so_luong, tong_tien, ma_thu_ngan, ma_thanh_vien, ma_quan_ly) VALUES("DHA000000003", STR_TO_DATE("6-9-2020", "%d-%m-%Y"), 1, 2212000, "NVI000000002", "070802000012", "NVI000000009");
INSERT INTO don_hang(ma, ngay_tao, so_luong, tong_tien, ma_thu_ngan, ma_thanh_vien, ma_quan_ly) VALUES("DHA000000004", STR_TO_DATE("18-9-2020", "%d-%m-%Y"), 1, 301000, "NVI000000001", null, "NVI000000009");
INSERT INTO don_hang(ma, ngay_tao, so_luong, tong_tien, ma_thu_ngan, ma_thanh_vien, ma_quan_ly) VALUES("DHA000000005", STR_TO_DATE("10-3-2021", "%d-%m-%Y"), 1, 2238000, "NVI000000000", "070802000011", "NVI000000007");
INSERT INTO don_hang(ma, ngay_tao, so_luong, tong_tien, ma_thu_ngan, ma_thanh_vien, ma_quan_ly) VALUES("DHA000000006", STR_TO_DATE("18-3-2020", "%d-%m-%Y"), 2, 3085000, "NVI000000006", "070802000010", "NVI000000007");
INSERT INTO don_hang(ma, ngay_tao, so_luong, tong_tien, ma_thu_ngan, ma_thanh_vien, ma_quan_ly) VALUES("DHA000000007", STR_TO_DATE("17-7-2020", "%d-%m-%Y"), 2, 2823000, "NVI000000002", "070802000010", "NVI000000009");
INSERT INTO don_hang(ma, ngay_tao, so_luong, tong_tien, ma_thu_ngan, ma_thanh_vien, ma_quan_ly) VALUES("DHA000000008", STR_TO_DATE("21-10-2021", "%d-%m-%Y"), 1, 2238000, "NVI000000000", null, "NVI000000007");
INSERT INTO don_hang(ma, ngay_tao, so_luong, tong_tien, ma_thu_ngan, ma_thanh_vien, ma_quan_ly) VALUES("DHA000000009", STR_TO_DATE("27-6-2021", "%d-%m-%Y"), 2, 3529000, "NVI000000005", "070802000012", "NVI000000009");
INSERT INTO don_hang(ma, ngay_tao, so_luong, tong_tien, ma_thu_ngan, ma_thanh_vien, ma_quan_ly) VALUES("DHA000000010", STR_TO_DATE("14-7-2020", "%d-%m-%Y"), 2, 3121000, "NVI000000001", null, "NVI000000009");
INSERT INTO don_hang(ma, ngay_tao, so_luong, tong_tien, ma_thu_ngan, ma_thanh_vien, ma_quan_ly) VALUES("DHA000000011", STR_TO_DATE("12-11-2021", "%d-%m-%Y"), 2, 1618000, "NVI000000003", null, "NVI000000007");
INSERT INTO don_hang(ma, ngay_tao, so_luong, tong_tien, ma_thu_ngan, ma_thanh_vien, ma_quan_ly) VALUES("DHA000000012", STR_TO_DATE("14-6-2020", "%d-%m-%Y"), 2, 3147000, "NVI000000003", "070802000011", "NVI000000007");
INSERT INTO don_hang(ma, ngay_tao, so_luong, tong_tien, ma_thu_ngan, ma_thanh_vien, ma_quan_ly) VALUES("DHA000000013", STR_TO_DATE("21-9-2020", "%d-%m-%Y"), 1, 1317000, "NVI000000002", "070802000010", "NVI000000009");
INSERT INTO don_hang(ma, ngay_tao, so_luong, tong_tien, ma_thu_ngan, ma_thanh_vien, ma_quan_ly) VALUES("DHA000000014", STR_TO_DATE("25-4-2021", "%d-%m-%Y"), 1, 2212000, "NVI000000000", null, "NVI000000007");
INSERT INTO don_hang(ma, ngay_tao, so_luong, tong_tien, ma_thu_ngan, ma_thanh_vien, ma_quan_ly) VALUES("DHA000000015", STR_TO_DATE("5-8-2021", "%d-%m-%Y"), 1, 2238000, "NVI000000006", null, "NVI000000007");
INSERT INTO don_hang(ma, ngay_tao, so_luong, tong_tien, ma_thu_ngan, ma_thanh_vien, ma_quan_ly) VALUES("DHA000000016", STR_TO_DATE("7-10-2021", "%d-%m-%Y"), 1, 909000, "NVI000000005", null, "NVI000000009");
INSERT INTO don_hang(ma, ngay_tao, so_luong, tong_tien, ma_thu_ngan, ma_thanh_vien, ma_quan_ly) VALUES("DHA000000017", STR_TO_DATE("4-7-2021", "%d-%m-%Y"), 2, 3529000, "NVI000000001", "070802000011", "NVI000000009");
INSERT INTO don_hang(ma, ngay_tao, so_luong, tong_tien, ma_thu_ngan, ma_thanh_vien, ma_quan_ly) VALUES("DHA000000018", STR_TO_DATE("13-8-2021", "%d-%m-%Y"), 2, 2513000, "NVI000000002", "070802000012", "NVI000000009");
INSERT INTO don_hang(ma, ngay_tao, so_luong, tong_tien, ma_thu_ngan, ma_thanh_vien, ma_quan_ly) VALUES("DHA000000019", STR_TO_DATE("28-3-2021", "%d-%m-%Y"), 1, 909000, "NVI000000006", null, "NVI000000007");
INSERT INTO bao_gom(ma_don, ma_quyen_sach) VALUES("DHA000000011", "QSA000000058");
INSERT INTO bao_gom(ma_don, ma_quyen_sach) VALUES("DHA000000002", "QSA000000036");
INSERT INTO bao_gom(ma_don, ma_quyen_sach) VALUES("DHA000000010", "QSA000000041");
INSERT INTO bao_gom(ma_don, ma_quyen_sach) VALUES("DHA000000008", "QSA000000018");
INSERT INTO bao_gom(ma_don, ma_quyen_sach) VALUES("DHA000000009", "QSA000000013");
INSERT INTO bao_gom(ma_don, ma_quyen_sach) VALUES("DHA000000003", "QSA000000037");
INSERT INTO bao_gom(ma_don, ma_quyen_sach) VALUES("DHA000000015", "QSA000000057");
INSERT INTO bao_gom(ma_don, ma_quyen_sach) VALUES("DHA000000006", "QSA000000052");
INSERT INTO bao_gom(ma_don, ma_quyen_sach) VALUES("DHA000000004", "QSA000000098");
INSERT INTO bao_gom(ma_don, ma_quyen_sach) VALUES("DHA000000014", "QSA000000044");
INSERT INTO bao_gom(ma_don, ma_quyen_sach) VALUES("DHA000000017", "QSA000000062");
INSERT INTO bao_gom(ma_don, ma_quyen_sach) VALUES("DHA000000012", "QSA000000068");
INSERT INTO bao_gom(ma_don, ma_quyen_sach) VALUES("DHA000000005", "QSA000000042");
INSERT INTO bao_gom(ma_don, ma_quyen_sach) VALUES("DHA000000016", "QSA000000032");
INSERT INTO bao_gom(ma_don, ma_quyen_sach) VALUES("DHA000000018", "QSA000000067");
INSERT INTO bao_gom(ma_don, ma_quyen_sach) VALUES("DHA000000007", "QSA000000056");
INSERT INTO bao_gom(ma_don, ma_quyen_sach) VALUES("DHA000000001", "QSA000000030");
INSERT INTO bao_gom(ma_don, ma_quyen_sach) VALUES("DHA000000019", "QSA000000097");
INSERT INTO bao_gom(ma_don, ma_quyen_sach) VALUES("DHA000000000", "QSA000000046");
INSERT INTO bao_gom(ma_don, ma_quyen_sach) VALUES("DHA000000013", "QSA000000083");
INSERT INTO bao_gom(ma_don, ma_quyen_sach) VALUES("DHA000000002", "QSA000000024");
INSERT INTO bao_gom(ma_don, ma_quyen_sach) VALUES("DHA000000012", "QSA000000080");
INSERT INTO bao_gom(ma_don, ma_quyen_sach) VALUES("DHA000000011", "QSA000000010");
INSERT INTO bao_gom(ma_don, ma_quyen_sach) VALUES("DHA000000017", "QSA000000063");
INSERT INTO bao_gom(ma_don, ma_quyen_sach) VALUES("DHA000000006", "QSA000000019");
INSERT INTO bao_gom(ma_don, ma_quyen_sach) VALUES("DHA000000001", "QSA000000009");
INSERT INTO bao_gom(ma_don, ma_quyen_sach) VALUES("DHA000000010", "QSA000000074");
INSERT INTO bao_gom(ma_don, ma_quyen_sach) VALUES("DHA000000009", "QSA000000096");
INSERT INTO bao_gom(ma_don, ma_quyen_sach) VALUES("DHA000000018", "QSA000000089");
INSERT INTO bao_gom(ma_don, ma_quyen_sach) VALUES("DHA000000007", "QSA000000050");
INSERT INTO don_hang_online(ma, ngay_dat, so_luong, tong_tien, ma_thanh_vien, ma_don_offline) VALUES("DHO000000000", STR_TO_DATE("29-10-2020", "%d-%m-%Y"), 7, 13248000, "070802000011", null);
INSERT INTO don_hang_online(ma, ngay_dat, so_luong, tong_tien, ma_thanh_vien, ma_don_offline) VALUES("DHO000000001", STR_TO_DATE("24-3-2021", "%d-%m-%Y"), 9, 4428000, "070802000010", null);
INSERT INTO don_hang_online(ma, ngay_dat, so_luong, tong_tien, ma_thanh_vien, ma_don_offline) VALUES("DHO000000002", STR_TO_DATE("30-8-2020", "%d-%m-%Y"), 2, 1010000, "070802000012", null);
INSERT INTO don_hang_online(ma, ngay_dat, so_luong, tong_tien, ma_thanh_vien, ma_don_offline) VALUES("DHO000000003", STR_TO_DATE("19-11-2020", "%d-%m-%Y"), 3, 5250000, "070802000011", null);
INSERT INTO don_hang_online(ma, ngay_dat, so_luong, tong_tien, ma_thanh_vien, ma_don_offline) VALUES("DHO000000004", STR_TO_DATE("10-2-2020", "%d-%m-%Y"), 6, 1806000, "070802000010", null);
INSERT INTO bao_gom_online(ma_don, ma_dau_sach, so_luong) VALUES("DHO000000004", "DSA000000001", 6);
INSERT INTO bao_gom_online(ma_don, ma_dau_sach, so_luong) VALUES("DHO000000000", "DSA000000003", 2);
INSERT INTO bao_gom_online(ma_don, ma_dau_sach, so_luong) VALUES("DHO000000001", "DSA000000004", 9);
INSERT INTO bao_gom_online(ma_don, ma_dau_sach, so_luong) VALUES("DHO000000003", "DSA000000005", 1);
INSERT INTO bao_gom_online(ma_don, ma_dau_sach, so_luong) VALUES("DHO000000002", "DSA000000000", 2);
INSERT INTO bao_gom_online(ma_don, ma_dau_sach, so_luong) VALUES("DHO000000003", "DSA000000007", 2);
INSERT INTO bao_gom_online(ma_don, ma_dau_sach, so_luong) VALUES("DHO000000000", "DSA000000009", 5);
INSERT INTO thanh_vien(cccd, ho, ten, email, sdt, dia_chi) VALUES("070802000010", "Trần Gia", "Trứ", "tran.gia.tru.7595@gmail.com", "0989000015", "Lot I-5C Saigon Hi-Tech Park, Quận 9, Thành phố Hồ Chí Minh, Vietnam");
INSERT INTO thanh_vien(cccd, ho, ten, email, sdt, dia_chi) VALUES("070802000011", "Nguyễn Thanh", "Câu", "nguyen.thanh.cau.7596@gmail.com", "0989000016", "VR79+87H, Long Thạnh Mỹ, Quận 9, Thành phố Hồ Chí Minh, Vietnam");
INSERT INTO thanh_vien(cccd, ho, ten, email, sdt, dia_chi) VALUES("070802000012", "Dương Thanh", "Ánh", "duong.thanh.anh.7597@gmail.com", "0989000017", "7/11A,Đường 182,Phường Tăng Nhơn Phú A,Quận 9,Tp, Thành phố Hồ Chí Minh 70000, Vietnam");
INSERT INTO dau_sach(ma, ten, tac_gia, the_loai, gia_nhap, gia_niem_yet, so_luong, ma_nha_xuat_ban) VALUES("DSA000000000", "Tô vẽ bình yên", "Phan Gia Phàm", "sách vẽ", 454000, 505000, 10, "NXB000000000");
INSERT INTO dau_sach(ma, ten, tac_gia, the_loai, gia_nhap, gia_niem_yet, so_luong, ma_nha_xuat_ban) VALUES("DSA000000001", "Chúa và con người", "Hoàng Gia Bi", "kiến thức", 270000, 301000, 10, "NXB000000001");
INSERT INTO dau_sach(ma, ten, tac_gia, the_loai, gia_nhap, gia_niem_yet, so_luong, ma_nha_xuat_ban) VALUES("DSA000000002", "Trò chơi con mực", "Hồ Thế", "truyện", 2333000, 2593000, 10, "NXB000000001");
INSERT INTO dau_sach(ma, ten, tac_gia, the_loai, gia_nhap, gia_niem_yet, so_luong, ma_nha_xuat_ban) VALUES("DSA000000003", "Tù nhân của triết lý", "Đỗ Anh Canh", "kiến thức", 984000, 1094000, 10, "NXB000000000");
INSERT INTO dau_sach(ma, ten, tac_gia, the_loai, gia_nhap, gia_niem_yet, so_luong, ma_nha_xuat_ban) VALUES("DSA000000004", "Kiếp sinh nhân", "Đỗ Thanh Phấn", "đạo giáo", 442000, 492000, 10, "NXB000000001");
INSERT INTO dau_sach(ma, ten, tac_gia, the_loai, gia_nhap, gia_niem_yet, so_luong, ma_nha_xuat_ban) VALUES("DSA000000005", "Giao tiếp tiếng Nhật", "Phan Thanh Mầu", "giáo dục", 2014000, 2238000, 10, "NXB000000000");
INSERT INTO dau_sach(ma, ten, tac_gia, the_loai, gia_nhap, gia_niem_yet, so_luong, ma_nha_xuat_ban) VALUES("DSA000000006", "Bá tước Ca-lốt", "Huỳnh Gia Ðản", "truyện", 818000, 909000, 10, "NXB000000001");
INSERT INTO dau_sach(ma, ten, tac_gia, the_loai, gia_nhap, gia_niem_yet, so_luong, ma_nha_xuat_ban) VALUES("DSA000000007", "Đòi nợ", "Nguyễn Gia Ngoã", "truyện", 1355000, 1506000, 10, "NXB000000000");
INSERT INTO dau_sach(ma, ten, tac_gia, the_loai, gia_nhap, gia_niem_yet, so_luong, ma_nha_xuat_ban) VALUES("DSA000000008", "Mẹ giàu mẹ nghèo", "Lý Thanh Ðoá", "kỹ năng", 1185000, 1317000, 10, "NXB000000001");
INSERT INTO dau_sach(ma, ten, tac_gia, the_loai, gia_nhap, gia_niem_yet, so_luong, ma_nha_xuat_ban) VALUES("DSA000000009", "Mind Map cho người mới bắt đầu", "Dương Anh Mộc", "kỹ năng", 1990000, 2212000, 10, "NXB000000000");
INSERT INTO quyen_sach(ma, ma_dau_sach, ma_chi_nhanh) VALUES("QSA000000000", "DSA000000007", "CNH000000000");
INSERT INTO quyen_sach(ma, ma_dau_sach, ma_chi_nhanh) VALUES("QSA000000001", "DSA000000005", "CNH000000001");
INSERT INTO quyen_sach(ma, ma_dau_sach, ma_chi_nhanh) VALUES("QSA000000002", "DSA000000000", "CNH000000000");
INSERT INTO quyen_sach(ma, ma_dau_sach, ma_chi_nhanh) VALUES("QSA000000003", "DSA000000008", "CNH000000001");
INSERT INTO quyen_sach(ma, ma_dau_sach, ma_chi_nhanh) VALUES("QSA000000004", "DSA000000001", "CNH000000000");
INSERT INTO quyen_sach(ma, ma_dau_sach, ma_chi_nhanh) VALUES("QSA000000005", "DSA000000003", "CNH000000001");
INSERT INTO quyen_sach(ma, ma_dau_sach, ma_chi_nhanh) VALUES("QSA000000006", "DSA000000006", "CNH000000001");
INSERT INTO quyen_sach(ma, ma_dau_sach, ma_chi_nhanh) VALUES("QSA000000007", "DSA000000002", "CNH000000000");
INSERT INTO quyen_sach(ma, ma_dau_sach, ma_chi_nhanh) VALUES("QSA000000008", "DSA000000009", "CNH000000000");
INSERT INTO quyen_sach(ma, ma_dau_sach, ma_chi_nhanh) VALUES("QSA000000009", "DSA000000004", "CNH000000001");
INSERT INTO quyen_sach(ma, ma_dau_sach, ma_chi_nhanh) VALUES("QSA000000010", "DSA000000008", "CNH000000000");
INSERT INTO quyen_sach(ma, ma_dau_sach, ma_chi_nhanh) VALUES("QSA000000011", "DSA000000002", "CNH000000001");
INSERT INTO quyen_sach(ma, ma_dau_sach, ma_chi_nhanh) VALUES("QSA000000012", "DSA000000007", "CNH000000000");
INSERT INTO quyen_sach(ma, ma_dau_sach, ma_chi_nhanh) VALUES("QSA000000013", "DSA000000009", "CNH000000001");
INSERT INTO quyen_sach(ma, ma_dau_sach, ma_chi_nhanh) VALUES("QSA000000014", "DSA000000003", "CNH000000001");
INSERT INTO quyen_sach(ma, ma_dau_sach, ma_chi_nhanh) VALUES("QSA000000015", "DSA000000006", "CNH000000000");
INSERT INTO quyen_sach(ma, ma_dau_sach, ma_chi_nhanh) VALUES("QSA000000016", "DSA000000001", "CNH000000001");
INSERT INTO quyen_sach(ma, ma_dau_sach, ma_chi_nhanh) VALUES("QSA000000017", "DSA000000000", "CNH000000000");
INSERT INTO quyen_sach(ma, ma_dau_sach, ma_chi_nhanh) VALUES("QSA000000018", "DSA000000005", "CNH000000000");
INSERT INTO quyen_sach(ma, ma_dau_sach, ma_chi_nhanh) VALUES("QSA000000019", "DSA000000004", "CNH000000001");
INSERT INTO quyen_sach(ma, ma_dau_sach, ma_chi_nhanh) VALUES("QSA000000020", "DSA000000008", "CNH000000000");
INSERT INTO quyen_sach(ma, ma_dau_sach, ma_chi_nhanh) VALUES("QSA000000021", "DSA000000003", "CNH000000001");
INSERT INTO quyen_sach(ma, ma_dau_sach, ma_chi_nhanh) VALUES("QSA000000022", "DSA000000006", "CNH000000000");
INSERT INTO quyen_sach(ma, ma_dau_sach, ma_chi_nhanh) VALUES("QSA000000023", "DSA000000002", "CNH000000001");
INSERT INTO quyen_sach(ma, ma_dau_sach, ma_chi_nhanh) VALUES("QSA000000024", "DSA000000004", "CNH000000001");
INSERT INTO quyen_sach(ma, ma_dau_sach, ma_chi_nhanh) VALUES("QSA000000025", "DSA000000000", "CNH000000000");
INSERT INTO quyen_sach(ma, ma_dau_sach, ma_chi_nhanh) VALUES("QSA000000026", "DSA000000005", "CNH000000000");
INSERT INTO quyen_sach(ma, ma_dau_sach, ma_chi_nhanh) VALUES("QSA000000027", "DSA000000007", "CNH000000001");
INSERT INTO quyen_sach(ma, ma_dau_sach, ma_chi_nhanh) VALUES("QSA000000028", "DSA000000009", "CNH000000001");
INSERT INTO quyen_sach(ma, ma_dau_sach, ma_chi_nhanh) VALUES("QSA000000029", "DSA000000001", "CNH000000000");
INSERT INTO quyen_sach(ma, ma_dau_sach, ma_chi_nhanh) VALUES("QSA000000030", "DSA000000002", "CNH000000001");
INSERT INTO quyen_sach(ma, ma_dau_sach, ma_chi_nhanh) VALUES("QSA000000031", "DSA000000007", "CNH000000000");
INSERT INTO quyen_sach(ma, ma_dau_sach, ma_chi_nhanh) VALUES("QSA000000032", "DSA000000006", "CNH000000000");
INSERT INTO quyen_sach(ma, ma_dau_sach, ma_chi_nhanh) VALUES("QSA000000033", "DSA000000008", "CNH000000001");
INSERT INTO quyen_sach(ma, ma_dau_sach, ma_chi_nhanh) VALUES("QSA000000034", "DSA000000004", "CNH000000000");
INSERT INTO quyen_sach(ma, ma_dau_sach, ma_chi_nhanh) VALUES("QSA000000035", "DSA000000003", "CNH000000001");
INSERT INTO quyen_sach(ma, ma_dau_sach, ma_chi_nhanh) VALUES("QSA000000036", "DSA000000000", "CNH000000001");
INSERT INTO quyen_sach(ma, ma_dau_sach, ma_chi_nhanh) VALUES("QSA000000037", "DSA000000009", "CNH000000000");
INSERT INTO quyen_sach(ma, ma_dau_sach, ma_chi_nhanh) VALUES("QSA000000038", "DSA000000005", "CNH000000001");
INSERT INTO quyen_sach(ma, ma_dau_sach, ma_chi_nhanh) VALUES("QSA000000039", "DSA000000001", "CNH000000000");
INSERT INTO quyen_sach(ma, ma_dau_sach, ma_chi_nhanh) VALUES("QSA000000040", "DSA000000004", "CNH000000000");
INSERT INTO quyen_sach(ma, ma_dau_sach, ma_chi_nhanh) VALUES("QSA000000041", "DSA000000006", "CNH000000001");
INSERT INTO quyen_sach(ma, ma_dau_sach, ma_chi_nhanh) VALUES("QSA000000042", "DSA000000005", "CNH000000001");
INSERT INTO quyen_sach(ma, ma_dau_sach, ma_chi_nhanh) VALUES("QSA000000043", "DSA000000008", "CNH000000000");
INSERT INTO quyen_sach(ma, ma_dau_sach, ma_chi_nhanh) VALUES("QSA000000044", "DSA000000009", "CNH000000000");
INSERT INTO quyen_sach(ma, ma_dau_sach, ma_chi_nhanh) VALUES("QSA000000045", "DSA000000007", "CNH000000001");
INSERT INTO quyen_sach(ma, ma_dau_sach, ma_chi_nhanh) VALUES("QSA000000046", "DSA000000002", "CNH000000001");
INSERT INTO quyen_sach(ma, ma_dau_sach, ma_chi_nhanh) VALUES("QSA000000047", "DSA000000003", "CNH000000000");
INSERT INTO quyen_sach(ma, ma_dau_sach, ma_chi_nhanh) VALUES("QSA000000048", "DSA000000000", "CNH000000001");
INSERT INTO quyen_sach(ma, ma_dau_sach, ma_chi_nhanh) VALUES("QSA000000049", "DSA000000001", "CNH000000000");
INSERT INTO quyen_sach(ma, ma_dau_sach, ma_chi_nhanh) VALUES("QSA000000050", "DSA000000007", "CNH000000000");
INSERT INTO quyen_sach(ma, ma_dau_sach, ma_chi_nhanh) VALUES("QSA000000051", "DSA000000000", "CNH000000001");
INSERT INTO quyen_sach(ma, ma_dau_sach, ma_chi_nhanh) VALUES("QSA000000052", "DSA000000002", "CNH000000000");
INSERT INTO quyen_sach(ma, ma_dau_sach, ma_chi_nhanh) VALUES("QSA000000053", "DSA000000003", "CNH000000001");
INSERT INTO quyen_sach(ma, ma_dau_sach, ma_chi_nhanh) VALUES("QSA000000054", "DSA000000009", "CNH000000000");
INSERT INTO quyen_sach(ma, ma_dau_sach, ma_chi_nhanh) VALUES("QSA000000055", "DSA000000004", "CNH000000001");
INSERT INTO quyen_sach(ma, ma_dau_sach, ma_chi_nhanh) VALUES("QSA000000056", "DSA000000008", "CNH000000000");
INSERT INTO quyen_sach(ma, ma_dau_sach, ma_chi_nhanh) VALUES("QSA000000057", "DSA000000005", "CNH000000001");
INSERT INTO quyen_sach(ma, ma_dau_sach, ma_chi_nhanh) VALUES("QSA000000058", "DSA000000001", "CNH000000001");
INSERT INTO quyen_sach(ma, ma_dau_sach, ma_chi_nhanh) VALUES("QSA000000059", "DSA000000006", "CNH000000000");
INSERT INTO quyen_sach(ma, ma_dau_sach, ma_chi_nhanh) VALUES("QSA000000060", "DSA000000004", "CNH000000001");
INSERT INTO quyen_sach(ma, ma_dau_sach, ma_chi_nhanh) VALUES("QSA000000061", "DSA000000007", "CNH000000000");
INSERT INTO quyen_sach(ma, ma_dau_sach, ma_chi_nhanh) VALUES("QSA000000062", "DSA000000008", "CNH000000001");
INSERT INTO quyen_sach(ma, ma_dau_sach, ma_chi_nhanh) VALUES("QSA000000063", "DSA000000009", "CNH000000000");
INSERT INTO quyen_sach(ma, ma_dau_sach, ma_chi_nhanh) VALUES("QSA000000064", "DSA000000002", "CNH000000001");
INSERT INTO quyen_sach(ma, ma_dau_sach, ma_chi_nhanh) VALUES("QSA000000065", "DSA000000000", "CNH000000000");
INSERT INTO quyen_sach(ma, ma_dau_sach, ma_chi_nhanh) VALUES("QSA000000066", "DSA000000006", "CNH000000001");
INSERT INTO quyen_sach(ma, ma_dau_sach, ma_chi_nhanh) VALUES("QSA000000067", "DSA000000001", "CNH000000000");
INSERT INTO quyen_sach(ma, ma_dau_sach, ma_chi_nhanh) VALUES("QSA000000068", "DSA000000005", "CNH000000000");
INSERT INTO quyen_sach(ma, ma_dau_sach, ma_chi_nhanh) VALUES("QSA000000069", "DSA000000003", "CNH000000001");
INSERT INTO quyen_sach(ma, ma_dau_sach, ma_chi_nhanh) VALUES("QSA000000070", "DSA000000002", "CNH000000000");
INSERT INTO quyen_sach(ma, ma_dau_sach, ma_chi_nhanh) VALUES("QSA000000071", "DSA000000008", "CNH000000001");
INSERT INTO quyen_sach(ma, ma_dau_sach, ma_chi_nhanh) VALUES("QSA000000072", "DSA000000001", "CNH000000000");
INSERT INTO quyen_sach(ma, ma_dau_sach, ma_chi_nhanh) VALUES("QSA000000073", "DSA000000000", "CNH000000001");
INSERT INTO quyen_sach(ma, ma_dau_sach, ma_chi_nhanh) VALUES("QSA000000074", "DSA000000009", "CNH000000001");
INSERT INTO quyen_sach(ma, ma_dau_sach, ma_chi_nhanh) VALUES("QSA000000075", "DSA000000003", "CNH000000000");
INSERT INTO quyen_sach(ma, ma_dau_sach, ma_chi_nhanh) VALUES("QSA000000076", "DSA000000005", "CNH000000000");
INSERT INTO quyen_sach(ma, ma_dau_sach, ma_chi_nhanh) VALUES("QSA000000077", "DSA000000006", "CNH000000001");
INSERT INTO quyen_sach(ma, ma_dau_sach, ma_chi_nhanh) VALUES("QSA000000078", "DSA000000007", "CNH000000001");
INSERT INTO quyen_sach(ma, ma_dau_sach, ma_chi_nhanh) VALUES("QSA000000079", "DSA000000004", "CNH000000000");
INSERT INTO quyen_sach(ma, ma_dau_sach, ma_chi_nhanh) VALUES("QSA000000080", "DSA000000006", "CNH000000000");
INSERT INTO quyen_sach(ma, ma_dau_sach, ma_chi_nhanh) VALUES("QSA000000081", "DSA000000003", "CNH000000001");
INSERT INTO quyen_sach(ma, ma_dau_sach, ma_chi_nhanh) VALUES("QSA000000082", "DSA000000002", "CNH000000001");
INSERT INTO quyen_sach(ma, ma_dau_sach, ma_chi_nhanh) VALUES("QSA000000083", "DSA000000008", "CNH000000000");
INSERT INTO quyen_sach(ma, ma_dau_sach, ma_chi_nhanh) VALUES("QSA000000084", "DSA000000005", "CNH000000000");
INSERT INTO quyen_sach(ma, ma_dau_sach, ma_chi_nhanh) VALUES("QSA000000085", "DSA000000004", "CNH000000001");
INSERT INTO quyen_sach(ma, ma_dau_sach, ma_chi_nhanh) VALUES("QSA000000086", "DSA000000000", "CNH000000000");
INSERT INTO quyen_sach(ma, ma_dau_sach, ma_chi_nhanh) VALUES("QSA000000087", "DSA000000001", "CNH000000001");
INSERT INTO quyen_sach(ma, ma_dau_sach, ma_chi_nhanh) VALUES("QSA000000088", "DSA000000007", "CNH000000000");
INSERT INTO quyen_sach(ma, ma_dau_sach, ma_chi_nhanh) VALUES("QSA000000089", "DSA000000009", "CNH000000001");
INSERT INTO quyen_sach(ma, ma_dau_sach, ma_chi_nhanh) VALUES("QSA000000090", "DSA000000005", "CNH000000001");
INSERT INTO quyen_sach(ma, ma_dau_sach, ma_chi_nhanh) VALUES("QSA000000091", "DSA000000004", "CNH000000000");
INSERT INTO quyen_sach(ma, ma_dau_sach, ma_chi_nhanh) VALUES("QSA000000092", "DSA000000000", "CNH000000001");
INSERT INTO quyen_sach(ma, ma_dau_sach, ma_chi_nhanh) VALUES("QSA000000093", "DSA000000007", "CNH000000000");
INSERT INTO quyen_sach(ma, ma_dau_sach, ma_chi_nhanh) VALUES("QSA000000094", "DSA000000009", "CNH000000001");
INSERT INTO quyen_sach(ma, ma_dau_sach, ma_chi_nhanh) VALUES("QSA000000095", "DSA000000003", "CNH000000000");
INSERT INTO quyen_sach(ma, ma_dau_sach, ma_chi_nhanh) VALUES("QSA000000096", "DSA000000008", "CNH000000000");
INSERT INTO quyen_sach(ma, ma_dau_sach, ma_chi_nhanh) VALUES("QSA000000097", "DSA000000006", "CNH000000001");
INSERT INTO quyen_sach(ma, ma_dau_sach, ma_chi_nhanh) VALUES("QSA000000098", "DSA000000001", "CNH000000000");
INSERT INTO quyen_sach(ma, ma_dau_sach, ma_chi_nhanh) VALUES("QSA000000099", "DSA000000002", "CNH000000001");
INSERT INTO nha_xuat_ban(ma, ten, email, sdt, dia_chi, website) VALUES("NXB000000000", "Hồng Đức", "lienhe@hongduc.com", "0989000018", "65 Tràng Thi, Hà Nội", "www.hongduc.com");
INSERT INTO nha_xuat_ban(ma, ten, email, sdt, dia_chi, website) VALUES("NXB000000001", "Kim đồng", "lienhe@kimdong.com", "0989000019", "55 Quang Trung, Hà Nội, Việt Nam", "www.kimdong.com");
INSERT INTO voucher(ma, thoi_gian_bat_dau_hieu_luc, thoi_gian_het_hieu_luc, ma_don_hang, ma_thanh_vien, da_su_dung) VALUES("VOU000000000", STR_TO_DATE("23-5-2021", "%d-%m-%Y"), STR_TO_DATE("30-5-2021", "%d-%m-%Y"), null, "070802000011", False);
INSERT INTO voucher(ma, thoi_gian_bat_dau_hieu_luc, thoi_gian_het_hieu_luc, ma_don_hang, ma_thanh_vien, da_su_dung) VALUES("VOU000000001", STR_TO_DATE("30-1-2021", "%d-%m-%Y"), STR_TO_DATE("8-5-2021", "%d-%m-%Y"), null, "070802000012", False);
INSERT INTO voucher(ma, thoi_gian_bat_dau_hieu_luc, thoi_gian_het_hieu_luc, ma_don_hang, ma_thanh_vien, da_su_dung) VALUES("VOU000000002", STR_TO_DATE("19-5-2021", "%d-%m-%Y"), STR_TO_DATE("4-10-2021", "%d-%m-%Y"), null, "070802000010", False);
INSERT INTO giam_gia(ma, phan_tram_giam, giam_toi_da) VALUES("VOU000000001", 0.95, 69000);
INSERT INTO giam_gia_van_chuyen(ma, phan_tram_giam, giam_toi_da) VALUES("VOU000000000", 0.96, 11000);
INSERT INTO giam_gia_van_chuyen(ma, phan_tram_giam, giam_toi_da) VALUES("VOU000000002", 0.9, 53000);
INSERT INTO ap_dung_cho(ma_voucher, ma_dau_sach) VALUES("VOU000000001", "DSA000000006");
INSERT INTO ap_dung_cho(ma_voucher, ma_dau_sach) VALUES("VOU000000001", "DSA000000000");
INSERT INTO ap_dung_cho(ma_voucher, ma_dau_sach) VALUES("VOU000000001", "DSA000000009");
