INSERT INTO chi_nhanh(ma, ten, email, dia_chi) VALUES("CNH000000000", "Cơ Sở 1", "lienhe@sahafake.coso1.com", "15D Số 12, Tăng Nhơn Phú A, Quận 9, Thành phố Hồ Chí Minh, Vietnam");
INSERT INTO chi_nhanh(ma, ten, email, dia_chi) VALUES("CNH000000001", "Cơ Sở 2", "lienhe@sahafake.coso2.com", "Đường Số 2, Long Thạnh Mỹ, Quận 9, Thành phố Hồ Chí Minh, Vietnam");
INSERT INTO sdt_chi_nhanh(ma_chi_nhanh, sdt) VALUES("CNH000000000", "0989000000");
INSERT INTO sdt_chi_nhanh(ma_chi_nhanh, sdt) VALUES("CNH000000001", "0989000001");
INSERT INTO sdt_chi_nhanh(ma_chi_nhanh, sdt) VALUES("CNH000000000", "0989000002");
INSERT INTO sdt_chi_nhanh(ma_chi_nhanh, sdt) VALUES("CNH000000001", "0989000003");
INSERT INTO sdt_chi_nhanh(ma_chi_nhanh, sdt) VALUES("CNH000000001", "0989000004");
INSERT INTO nhan_vien(ma, ho, ten, ngay_sinh, email, sdt, dia_chi, cccd, luong, thoi_gian_bat_dau_lam, ma_chi_nhanh, ma_quan_ly) VALUES("NVI000000000", "Ngô", "Thuyết", STR_TO_DATE("3-7-1995", "%d-%m-%Y"), "ngo.thuyet.3232@sahafake.com", "0989000005", "43 Đường Số 245, khu phố 5, Quận 9, Thành phố Hồ Chí Minh 700000, Vietnam", "070802000000", 39780000, STR_TO_DATE("17-3-2013", "%d-%m-%Y"), "CNH000000000", "NVI000000004");
INSERT INTO nhan_vien(ma, ho, ten, ngay_sinh, email, sdt, dia_chi, cccd, luong, thoi_gian_bat_dau_lam, ma_chi_nhanh, ma_quan_ly) VALUES("NVI000000001", "Lý Gia", "Thư", STR_TO_DATE("11-4-1991", "%d-%m-%Y"), "ly.gia.thu.3233@sahafake.com", "0989000006", "4 Số 12, Tăng Nhơn Phú A, Quận 9, Thành phố Hồ Chí Minh, Vietnam", "070802000001", 30940000, STR_TO_DATE("6-3-2020", "%d-%m-%Y"), "CNH000000001", "NVI000000001");
INSERT INTO nhan_vien(ma, ho, ten, ngay_sinh, email, sdt, dia_chi, cccd, luong, thoi_gian_bat_dau_lam, ma_chi_nhanh, ma_quan_ly) VALUES("NVI000000002", "Võ Anh", "Khoá", STR_TO_DATE("16-10-1980", "%d-%m-%Y"), "vo.anh.khoa.3234@sahafake.com", "0989000007", "RQQW+HJX, Tăng Nhơn Phú A, Quận 9, Quận 9 Hồ Chí Minh, Vietnam", "070802000002", 30940000, STR_TO_DATE("23-11-2015", "%d-%m-%Y"), "CNH000000001", "NVI000000001");
INSERT INTO nhan_vien(ma, ho, ten, ngay_sinh, email, sdt, dia_chi, cccd, luong, thoi_gian_bat_dau_lam, ma_chi_nhanh, ma_quan_ly) VALUES("NVI000000003", "Đặng Thanh", "Nhiếp", STR_TO_DATE("25-1-1983", "%d-%m-%Y"), "dang.thanh.nhiep.3235@sahafake.com", "0989000008", "1 Đường Số 2, Long Thạnh Mỹ, Quận 9, Thành phố Hồ Chí Minh, Vietnam", "070802000003", 30940000, STR_TO_DATE("18-6-2015", "%d-%m-%Y"), "CNH000000000", "NVI000000004");
INSERT INTO nhan_vien(ma, ho, ten, ngay_sinh, email, sdt, dia_chi, cccd, luong, thoi_gian_bat_dau_lam, ma_chi_nhanh, ma_quan_ly) VALUES("NVI000000004", "Bùi Anh", "Bá", STR_TO_DATE("30-11-1991", "%d-%m-%Y"), "bui.anh.ba.3236@sahafake.com", "0989000009", "179 Đ. Lê Văn Việt, Long Thạnh Mỹ, Quận 9, Thành phố Hồ Chí Minh, Vietnam", "070802000004", 44200000, STR_TO_DATE("8-1-2014", "%d-%m-%Y"), "CNH000000000", "NVI000000004");
INSERT INTO nhan_vien(ma, ho, ten, ngay_sinh, email, sdt, dia_chi, cccd, luong, thoi_gian_bat_dau_lam, ma_chi_nhanh, ma_quan_ly) VALUES("NVI000000005", "Hồ Thanh", "Nhự", STR_TO_DATE("10-6-1990", "%d-%m-%Y"), "ho.thanh.nhu.3237@sahafake.com", "0989000010", "Lô I5-3a, 3b, Khu Công Nghệ Cao, Tăng Nhơn Phú A, Thành Phố Thủ Đức, Thành phố Hồ Chí Minh, Vietnam", "070802000005", 17680000, STR_TO_DATE("27-7-2018", "%d-%m-%Y"), "CNH000000001", "NVI000000001");
INSERT INTO nhan_vien(ma, ho, ten, ngay_sinh, email, sdt, dia_chi, cccd, luong, thoi_gian_bat_dau_lam, ma_chi_nhanh, ma_quan_ly) VALUES("NVI000000006", "Lý Thanh", "Kháng", STR_TO_DATE("25-12-1997", "%d-%m-%Y"), "ly.thanh.khang.3238@sahafake.com", "0989000011", "20/1/3 Đường Số 295, Long Thạnh Mỹ, Quận 9, Thành phố Hồ Chí Minh 700000, Vietnam", "070802000006", 30940000, STR_TO_DATE("3-2-2015", "%d-%m-%Y"), "CNH000000001", "NVI000000001");
INSERT INTO nhan_vien(ma, ho, ten, ngay_sinh, email, sdt, dia_chi, cccd, luong, thoi_gian_bat_dau_lam, ma_chi_nhanh, ma_quan_ly) VALUES("NVI000000007", "Ngô", "Liễu", STR_TO_DATE("26-3-1993", "%d-%m-%Y"), "ngo.lieu.3239@sahafake.com", "0989000012", "VR79+87H, Long Thạnh Mỹ, Quận 9, Thành phố Hồ Chí Minh, Vietnam", "070802000007", 44200000, STR_TO_DATE("12-8-2012", "%d-%m-%Y"), "CNH000000000", "NVI000000004");
INSERT INTO nhan_vien(ma, ho, ten, ngay_sinh, email, sdt, dia_chi, cccd, luong, thoi_gian_bat_dau_lam, ma_chi_nhanh, ma_quan_ly) VALUES("NVI000000008", "Đỗ Anh", "Thứ", STR_TO_DATE("9-8-1986", "%d-%m-%Y"), "do.anh.thu.3240@sahafake.com", "0989000013", "Khu Công Nghệ Cao, Long Thạnh Mỹ, Quận 9, Thành phố Hồ Chí Minh, Vietnam", "070802000008", 39780000, STR_TO_DATE("28-10-2013", "%d-%m-%Y"), "CNH000000000", "NVI000000004");
INSERT INTO nhan_vien(ma, ho, ten, ngay_sinh, email, sdt, dia_chi, cccd, luong, thoi_gian_bat_dau_lam, ma_chi_nhanh, ma_quan_ly) VALUES("NVI000000009", "Hoàng Gia", "Tế", STR_TO_DATE("12-12-1994", "%d-%m-%Y"), "hoang.gia.te.3241@sahafake.com", "0989000014", "VR79+87H, Long Thạnh Mỹ, Quận 9, Thành phố Hồ Chí Minh, Vietnam", "070802000009", 17680000, STR_TO_DATE("13-9-2018", "%d-%m-%Y"), "CNH000000001", "NVI000000001");
INSERT INTO thu_ngan(ma, ma_quay, doanh_so) VALUES("NVI000000005", "QUA000000000", 12877000);
INSERT INTO thu_ngan(ma, ma_quay, doanh_so) VALUES("NVI000000002", "QUA000000001", 18731000);
INSERT INTO thu_ngan(ma, ma_quay, doanh_so) VALUES("NVI000000007", "QUA000000002", 17480000);
INSERT INTO thu_ngan(ma, ma_quay, doanh_so) VALUES("NVI000000003", "QUA000000003", 15105000);
INSERT INTO thu_ngan(ma, ma_quay, doanh_so) VALUES("NVI000000009", "QUA000000004", 18240000);
INSERT INTO thu_ngan(ma, ma_quay, doanh_so) VALUES("NVI000000006", "QUA000000005", 15880000);
INSERT INTO quan_ly(ma, ma_chi_nhanh) VALUES("NVI000000004", "CNH000000000");
INSERT INTO quan_ly(ma, ma_chi_nhanh) VALUES("NVI000000001", "CNH000000001");
INSERT INTO don_hang(ma, ngay_tao, so_luong, tong_tien, ma_thu_ngan, ma_thanh_vien, ma_quan_ly) VALUES("DHA000000000", STR_TO_DATE("30-9-2020", "%d-%m-%Y"), 1, 1538000, "NVI000000002", null, "NVI000000001");
INSERT INTO don_hang(ma, ngay_tao, so_luong, tong_tien, ma_thu_ngan, ma_thanh_vien, ma_quan_ly) VALUES("DHA000000001", STR_TO_DATE("15-10-2021", "%d-%m-%Y"), 2, 3896000, "NVI000000003", null, "NVI000000004");
INSERT INTO don_hang(ma, ngay_tao, so_luong, tong_tien, ma_thu_ngan, ma_thanh_vien, ma_quan_ly) VALUES("DHA000000002", STR_TO_DATE("5-4-2020", "%d-%m-%Y"), 2, 3892000, "NVI000000005", null, "NVI000000001");
INSERT INTO don_hang(ma, ngay_tao, so_luong, tong_tien, ma_thu_ngan, ma_thanh_vien, ma_quan_ly) VALUES("DHA000000003", STR_TO_DATE("14-4-2021", "%d-%m-%Y"), 1, 708000, "NVI000000006", "070802000010", "NVI000000001");
INSERT INTO don_hang(ma, ngay_tao, so_luong, tong_tien, ma_thu_ngan, ma_thanh_vien, ma_quan_ly) VALUES("DHA000000004", STR_TO_DATE("13-12-2020", "%d-%m-%Y"), 1, 1660000, "NVI000000007", null, "NVI000000004");
INSERT INTO don_hang(ma, ngay_tao, so_luong, tong_tien, ma_thu_ngan, ma_thanh_vien, ma_quan_ly) VALUES("DHA000000005", STR_TO_DATE("12-8-2020", "%d-%m-%Y"), 2, 2712000, "NVI000000009", "070802000011", "NVI000000001");
INSERT INTO don_hang(ma, ngay_tao, so_luong, tong_tien, ma_thu_ngan, ma_thanh_vien, ma_quan_ly) VALUES("DHA000000006", STR_TO_DATE("23-7-2020", "%d-%m-%Y"), 1, 708000, "NVI000000005", null, "NVI000000001");
INSERT INTO don_hang(ma, ngay_tao, so_luong, tong_tien, ma_thu_ngan, ma_thanh_vien, ma_quan_ly) VALUES("DHA000000007", STR_TO_DATE("8-6-2021", "%d-%m-%Y"), 1, 2354000, "NVI000000007", null, "NVI000000004");
INSERT INTO don_hang(ma, ngay_tao, so_luong, tong_tien, ma_thu_ngan, ma_thanh_vien, ma_quan_ly) VALUES("DHA000000008", STR_TO_DATE("15-2-2020", "%d-%m-%Y"), 2, 4014000, "NVI000000002", null, "NVI000000001");
INSERT INTO don_hang(ma, ngay_tao, so_luong, tong_tien, ma_thu_ngan, ma_thanh_vien, ma_quan_ly) VALUES("DHA000000009", STR_TO_DATE("12-8-2021", "%d-%m-%Y"), 2, 4014000, "NVI000000003", "070802000012", "NVI000000004");
INSERT INTO don_hang(ma, ngay_tao, so_luong, tong_tien, ma_thu_ngan, ma_thanh_vien, ma_quan_ly) VALUES("DHA000000010", STR_TO_DATE("28-3-2021", "%d-%m-%Y"), 1, 1393000, "NVI000000006", "070802000012", "NVI000000001");
INSERT INTO don_hang(ma, ngay_tao, so_luong, tong_tien, ma_thu_ngan, ma_thanh_vien, ma_quan_ly) VALUES("DHA000000011", STR_TO_DATE("13-1-2021", "%d-%m-%Y"), 2, 1791000, "NVI000000009", "070802000010", "NVI000000001");
INSERT INTO don_hang(ma, ngay_tao, so_luong, tong_tien, ma_thu_ngan, ma_thanh_vien, ma_quan_ly) VALUES("DHA000000012", STR_TO_DATE("13-10-2021", "%d-%m-%Y"), 1, 1660000, "NVI000000007", "070802000011", "NVI000000004");
INSERT INTO don_hang(ma, ngay_tao, so_luong, tong_tien, ma_thu_ngan, ma_thanh_vien, ma_quan_ly) VALUES("DHA000000013", STR_TO_DATE("4-6-2020", "%d-%m-%Y"), 1, 1083000, "NVI000000009", "070802000011", "NVI000000001");
INSERT INTO don_hang(ma, ngay_tao, so_luong, tong_tien, ma_thu_ngan, ma_thanh_vien, ma_quan_ly) VALUES("DHA000000014", STR_TO_DATE("18-10-2021", "%d-%m-%Y"), 1, 2954000, "NVI000000006", null, "NVI000000001");
INSERT INTO don_hang(ma, ngay_tao, so_luong, tong_tien, ma_thu_ngan, ma_thanh_vien, ma_quan_ly) VALUES("DHA000000015", STR_TO_DATE("7-3-2020", "%d-%m-%Y"), 2, 2575000, "NVI000000003", null, "NVI000000004");
INSERT INTO don_hang(ma, ngay_tao, so_luong, tong_tien, ma_thu_ngan, ma_thanh_vien, ma_quan_ly) VALUES("DHA000000016", STR_TO_DATE("6-11-2020", "%d-%m-%Y"), 2, 4347000, "NVI000000002", null, "NVI000000001");
INSERT INTO don_hang(ma, ngay_tao, so_luong, tong_tien, ma_thu_ngan, ma_thanh_vien, ma_quan_ly) VALUES("DHA000000017", STR_TO_DATE("31-5-2020", "%d-%m-%Y"), 1, 1393000, "NVI000000005", null, "NVI000000001");
INSERT INTO don_hang(ma, ngay_tao, so_luong, tong_tien, ma_thu_ngan, ma_thanh_vien, ma_quan_ly) VALUES("DHA000000018", STR_TO_DATE("4-12-2020", "%d-%m-%Y"), 2, 2200000, "NVI000000006", null, "NVI000000001");
INSERT INTO don_hang(ma, ngay_tao, so_luong, tong_tien, ma_thu_ngan, ma_thanh_vien, ma_quan_ly) VALUES("DHA000000019", STR_TO_DATE("14-11-2020", "%d-%m-%Y"), 2, 3152000, "NVI000000007", null, "NVI000000004");
INSERT INTO bao_gom(ma_don, ma_quyen_sach) VALUES("DHA000000019", "QSA000000068");
INSERT INTO bao_gom(ma_don, ma_quyen_sach) VALUES("DHA000000006", "QSA000000044");
INSERT INTO bao_gom(ma_don, ma_quyen_sach) VALUES("DHA000000005", "QSA000000080");
INSERT INTO bao_gom(ma_don, ma_quyen_sach) VALUES("DHA000000002", "QSA000000039");
INSERT INTO bao_gom(ma_don, ma_quyen_sach) VALUES("DHA000000013", "QSA000000041");
INSERT INTO bao_gom(ma_don, ma_quyen_sach) VALUES("DHA000000012", "QSA000000074");
INSERT INTO bao_gom(ma_don, ma_quyen_sach) VALUES("DHA000000009", "QSA000000067");
INSERT INTO bao_gom(ma_don, ma_quyen_sach) VALUES("DHA000000001", "QSA000000099");
INSERT INTO bao_gom(ma_don, ma_quyen_sach) VALUES("DHA000000011", "QSA000000076");
INSERT INTO bao_gom(ma_don, ma_quyen_sach) VALUES("DHA000000017", "QSA000000079");
INSERT INTO bao_gom(ma_don, ma_quyen_sach) VALUES("DHA000000004", "QSA000000008");
INSERT INTO bao_gom(ma_don, ma_quyen_sach) VALUES("DHA000000000", "QSA000000094");
INSERT INTO bao_gom(ma_don, ma_quyen_sach) VALUES("DHA000000007", "QSA000000069");
INSERT INTO bao_gom(ma_don, ma_quyen_sach) VALUES("DHA000000015", "QSA000000089");
INSERT INTO bao_gom(ma_don, ma_quyen_sach) VALUES("DHA000000003", "QSA000000087");
INSERT INTO bao_gom(ma_don, ma_quyen_sach) VALUES("DHA000000010", "QSA000000000");
INSERT INTO bao_gom(ma_don, ma_quyen_sach) VALUES("DHA000000008", "QSA000000040");
INSERT INTO bao_gom(ma_don, ma_quyen_sach) VALUES("DHA000000016", "QSA000000036");
INSERT INTO bao_gom(ma_don, ma_quyen_sach) VALUES("DHA000000018", "QSA000000003");
INSERT INTO bao_gom(ma_don, ma_quyen_sach) VALUES("DHA000000014", "QSA000000032");
INSERT INTO bao_gom(ma_don, ma_quyen_sach) VALUES("DHA000000005", "QSA000000026");
INSERT INTO bao_gom(ma_don, ma_quyen_sach) VALUES("DHA000000015", "QSA000000083");
INSERT INTO bao_gom(ma_don, ma_quyen_sach) VALUES("DHA000000018", "QSA000000054");
INSERT INTO bao_gom(ma_don, ma_quyen_sach) VALUES("DHA000000016", "QSA000000082");
INSERT INTO bao_gom(ma_don, ma_quyen_sach) VALUES("DHA000000001", "QSA000000006");
INSERT INTO bao_gom(ma_don, ma_quyen_sach) VALUES("DHA000000008", "QSA000000058");
INSERT INTO bao_gom(ma_don, ma_quyen_sach) VALUES("DHA000000009", "QSA000000047");
INSERT INTO bao_gom(ma_don, ma_quyen_sach) VALUES("DHA000000002", "QSA000000098");
INSERT INTO bao_gom(ma_don, ma_quyen_sach) VALUES("DHA000000019", "QSA000000084");
INSERT INTO bao_gom(ma_don, ma_quyen_sach) VALUES("DHA000000011", "QSA000000033");
INSERT INTO don_hang_online(ma, ngay_dat, so_luong, tong_tien, ma_thanh_vien, ma_don_offline) VALUES("DHO000000000", STR_TO_DATE("3-7-2020", "%d-%m-%Y"), 7, 9751000, "070802000012", null);
INSERT INTO don_hang_online(ma, ngay_dat, so_luong, tong_tien, ma_thanh_vien, ma_don_offline) VALUES("DHO000000001", STR_TO_DATE("10-6-2020", "%d-%m-%Y"), 10, 10520000, "070802000011", null);
INSERT INTO don_hang_online(ma, ngay_dat, so_luong, tong_tien, ma_thanh_vien, ma_don_offline) VALUES("DHO000000002", STR_TO_DATE("30-4-2021", "%d-%m-%Y"), 5, 7051000, "070802000010", null);
INSERT INTO don_hang_online(ma, ngay_dat, so_luong, tong_tien, ma_thanh_vien, ma_don_offline) VALUES("DHO000000003", STR_TO_DATE("28-1-2021", "%d-%m-%Y"), 15, 38250000, "070802000010", null);
INSERT INTO don_hang_online(ma, ngay_dat, so_luong, tong_tien, ma_thanh_vien, ma_don_offline) VALUES("DHO000000004", STR_TO_DATE("4-10-2021", "%d-%m-%Y"), 9, 13842000, "070802000012", null);
INSERT INTO bao_gom_online(ma_don, ma_dau_sach, so_luong) VALUES("DHO000000003", "DSA000000002", 6);
INSERT INTO bao_gom_online(ma_don, ma_dau_sach, so_luong) VALUES("DHO000000001", "DSA000000003", 10);
INSERT INTO bao_gom_online(ma_don, ma_dau_sach, so_luong) VALUES("DHO000000004", "DSA000000004", 9);
INSERT INTO bao_gom_online(ma_don, ma_dau_sach, so_luong) VALUES("DHO000000002", "DSA000000000", 4);
INSERT INTO bao_gom_online(ma_don, ma_dau_sach, so_luong) VALUES("DHO000000000", "DSA000000006", 7);
INSERT INTO bao_gom_online(ma_don, ma_dau_sach, so_luong) VALUES("DHO000000003", "DSA000000001", 9);
INSERT INTO bao_gom_online(ma_don, ma_dau_sach, so_luong) VALUES("DHO000000002", "DSA000000007", 1);
INSERT INTO thanh_vien(cccd, ho, ten, email, sdt, dia_chi) VALUES("070802000010", "Vũ Anh", "Bạch", "vu.anh.bach.3242@gmail.com", "0989000015", "262 Hoàng Hữu Nam, Long Thạnh Mỹ, Quận 9, Thành phố Hồ Chí Minh 700000, Vietnam");
INSERT INTO thanh_vien(cccd, ho, ten, email, sdt, dia_chi) VALUES("070802000011", "Lý Gia", "Như", "ly.gia.nhu.3243@gmail.com", "0989000016", "72 Đ. Lê Văn Việt, Phường Tân Phú, Quận 9, Thành phố Hồ Chí Minh, Vietnam");
INSERT INTO thanh_vien(cccd, ho, ten, email, sdt, dia_chi) VALUES("070802000012", "Hoàng", "Chấn", "hoang.chan.3244@gmail.com", "0989000017", "14A Số 12, Khu Phố 4, Quận 9, Thành phố Hồ Chí Minh 700000, Vietnam");
INSERT INTO dau_sach(ma, ten, tac_gia, the_loai, gia_nhap, gia_niem_yet, so_luong, ma_nha_xuat_ban) VALUES("DSA000000000", "Mẹ giàu mẹ nghèo", "Phan Thanh Ðộ", "kỹ năng", 1342000, 1492000, 10, "NXB000000001");
INSERT INTO dau_sach(ma, ten, tac_gia, the_loai, gia_nhap, gia_niem_yet, so_luong, ma_nha_xuat_ban) VALUES("DSA000000001", "Lời giải tiếng Anh 12", "Dương Thanh Tửu", "giáo dục", 2118000, 2354000, 10, "NXB000000000");
INSERT INTO dau_sach(ma, ten, tac_gia, the_loai, gia_nhap, gia_niem_yet, so_luong, ma_nha_xuat_ban) VALUES("DSA000000002", "Giấc mơ của Sasa", "Trần Gia Cận", "truyện", 2559000, 2844000, 10, "NXB000000001");
INSERT INTO dau_sach(ma, ten, tac_gia, the_loai, gia_nhap, gia_niem_yet, so_luong, ma_nha_xuat_ban) VALUES("DSA000000003", "Hắc dạ hành", "Dương Ưu", "đạo giáo", 946000, 1052000, 10, "NXB000000000");
INSERT INTO dau_sach(ma, ten, tac_gia, the_loai, gia_nhap, gia_niem_yet, so_luong, ma_nha_xuat_ban) VALUES("DSA000000004", "Giảm 10kg trong 2 tuần", "Nguyễn Thanh Tường", "kỹ năng", 1384000, 1538000, 10, "NXB000000000");
INSERT INTO dau_sach(ma, ten, tac_gia, the_loai, gia_nhap, gia_niem_yet, so_luong, ma_nha_xuat_ban) VALUES("DSA000000005", "Chú bé đội mũ trắng", "Đỗ Anh Thành", "kỹ năng", 1494000, 1660000, 10, "NXB000000001");
INSERT INTO dau_sach(ma, ten, tac_gia, the_loai, gia_nhap, gia_niem_yet, so_luong, ma_nha_xuat_ban) VALUES("DSA000000006", "Đòi nợ", "Trần Anh Hiệt", "truyện", 1253000, 1393000, 10, "NXB000000001");
INSERT INTO dau_sach(ma, ten, tac_gia, the_loai, gia_nhap, gia_niem_yet, so_luong, ma_nha_xuat_ban) VALUES("DSA000000007", "Những con người vĩ đại", "Phan Gia Chương", "truyện", 974000, 1083000, 10, "NXB000000000");
INSERT INTO dau_sach(ma, ten, tac_gia, the_loai, gia_nhap, gia_niem_yet, so_luong, ma_nha_xuat_ban) VALUES("DSA000000008", "Ngệ thuật làm tiền", "Lý Gia Quốc", "kỹ năng", 2658000, 2954000, 10, "NXB000000001");
INSERT INTO dau_sach(ma, ten, tac_gia, the_loai, gia_nhap, gia_niem_yet, so_luong, ma_nha_xuat_ban) VALUES("DSA000000009", "Giao tiếp tiếng Nhật", "Phạm Thanh Sĩ", "giáo dục", 637000, 708000, 10, "NXB000000000");
INSERT INTO quyen_sach(ma, ma_dau_sach, ma_chi_nhanh) VALUES("QSA000000000", "DSA000000006", "CNH000000000");
INSERT INTO quyen_sach(ma, ma_dau_sach, ma_chi_nhanh) VALUES("QSA000000001", "DSA000000004", "CNH000000001");
INSERT INTO quyen_sach(ma, ma_dau_sach, ma_chi_nhanh) VALUES("QSA000000002", "DSA000000001", "CNH000000001");
INSERT INTO quyen_sach(ma, ma_dau_sach, ma_chi_nhanh) VALUES("QSA000000003", "DSA000000009", "CNH000000000");
INSERT INTO quyen_sach(ma, ma_dau_sach, ma_chi_nhanh) VALUES("QSA000000004", "DSA000000003", "CNH000000001");
INSERT INTO quyen_sach(ma, ma_dau_sach, ma_chi_nhanh) VALUES("QSA000000005", "DSA000000007", "CNH000000000");
INSERT INTO quyen_sach(ma, ma_dau_sach, ma_chi_nhanh) VALUES("QSA000000006", "DSA000000002", "CNH000000000");
INSERT INTO quyen_sach(ma, ma_dau_sach, ma_chi_nhanh) VALUES("QSA000000007", "DSA000000000", "CNH000000001");
INSERT INTO quyen_sach(ma, ma_dau_sach, ma_chi_nhanh) VALUES("QSA000000008", "DSA000000005", "CNH000000000");
INSERT INTO quyen_sach(ma, ma_dau_sach, ma_chi_nhanh) VALUES("QSA000000009", "DSA000000008", "CNH000000001");
INSERT INTO quyen_sach(ma, ma_dau_sach, ma_chi_nhanh) VALUES("QSA000000010", "DSA000000005", "CNH000000001");
INSERT INTO quyen_sach(ma, ma_dau_sach, ma_chi_nhanh) VALUES("QSA000000011", "DSA000000002", "CNH000000000");
INSERT INTO quyen_sach(ma, ma_dau_sach, ma_chi_nhanh) VALUES("QSA000000012", "DSA000000006", "CNH000000000");
INSERT INTO quyen_sach(ma, ma_dau_sach, ma_chi_nhanh) VALUES("QSA000000013", "DSA000000004", "CNH000000001");
INSERT INTO quyen_sach(ma, ma_dau_sach, ma_chi_nhanh) VALUES("QSA000000014", "DSA000000009", "CNH000000000");
INSERT INTO quyen_sach(ma, ma_dau_sach, ma_chi_nhanh) VALUES("QSA000000015", "DSA000000000", "CNH000000001");
INSERT INTO quyen_sach(ma, ma_dau_sach, ma_chi_nhanh) VALUES("QSA000000016", "DSA000000001", "CNH000000001");
INSERT INTO quyen_sach(ma, ma_dau_sach, ma_chi_nhanh) VALUES("QSA000000017", "DSA000000007", "CNH000000000");
INSERT INTO quyen_sach(ma, ma_dau_sach, ma_chi_nhanh) VALUES("QSA000000018", "DSA000000008", "CNH000000001");
INSERT INTO quyen_sach(ma, ma_dau_sach, ma_chi_nhanh) VALUES("QSA000000019", "DSA000000003", "CNH000000000");
INSERT INTO quyen_sach(ma, ma_dau_sach, ma_chi_nhanh) VALUES("QSA000000020", "DSA000000007", "CNH000000001");
INSERT INTO quyen_sach(ma, ma_dau_sach, ma_chi_nhanh) VALUES("QSA000000021", "DSA000000001", "CNH000000000");
INSERT INTO quyen_sach(ma, ma_dau_sach, ma_chi_nhanh) VALUES("QSA000000022", "DSA000000003", "CNH000000001");
INSERT INTO quyen_sach(ma, ma_dau_sach, ma_chi_nhanh) VALUES("QSA000000023", "DSA000000002", "CNH000000000");
INSERT INTO quyen_sach(ma, ma_dau_sach, ma_chi_nhanh) VALUES("QSA000000024", "DSA000000004", "CNH000000001");
INSERT INTO quyen_sach(ma, ma_dau_sach, ma_chi_nhanh) VALUES("QSA000000025", "DSA000000006", "CNH000000000");
INSERT INTO quyen_sach(ma, ma_dau_sach, ma_chi_nhanh) VALUES("QSA000000026", "DSA000000005", "CNH000000001");
INSERT INTO quyen_sach(ma, ma_dau_sach, ma_chi_nhanh) VALUES("QSA000000027", "DSA000000000", "CNH000000000");
INSERT INTO quyen_sach(ma, ma_dau_sach, ma_chi_nhanh) VALUES("QSA000000028", "DSA000000008", "CNH000000000");
INSERT INTO quyen_sach(ma, ma_dau_sach, ma_chi_nhanh) VALUES("QSA000000029", "DSA000000009", "CNH000000001");
INSERT INTO quyen_sach(ma, ma_dau_sach, ma_chi_nhanh) VALUES("QSA000000030", "DSA000000001", "CNH000000001");
INSERT INTO quyen_sach(ma, ma_dau_sach, ma_chi_nhanh) VALUES("QSA000000031", "DSA000000000", "CNH000000000");
INSERT INTO quyen_sach(ma, ma_dau_sach, ma_chi_nhanh) VALUES("QSA000000032", "DSA000000008", "CNH000000000");
INSERT INTO quyen_sach(ma, ma_dau_sach, ma_chi_nhanh) VALUES("QSA000000033", "DSA000000009", "CNH000000001");
INSERT INTO quyen_sach(ma, ma_dau_sach, ma_chi_nhanh) VALUES("QSA000000034", "DSA000000002", "CNH000000000");
INSERT INTO quyen_sach(ma, ma_dau_sach, ma_chi_nhanh) VALUES("QSA000000035", "DSA000000003", "CNH000000001");
INSERT INTO quyen_sach(ma, ma_dau_sach, ma_chi_nhanh) VALUES("QSA000000036", "DSA000000006", "CNH000000000");
INSERT INTO quyen_sach(ma, ma_dau_sach, ma_chi_nhanh) VALUES("QSA000000037", "DSA000000007", "CNH000000001");
INSERT INTO quyen_sach(ma, ma_dau_sach, ma_chi_nhanh) VALUES("QSA000000038", "DSA000000005", "CNH000000000");
INSERT INTO quyen_sach(ma, ma_dau_sach, ma_chi_nhanh) VALUES("QSA000000039", "DSA000000004", "CNH000000001");
INSERT INTO quyen_sach(ma, ma_dau_sach, ma_chi_nhanh) VALUES("QSA000000040", "DSA000000005", "CNH000000001");
INSERT INTO quyen_sach(ma, ma_dau_sach, ma_chi_nhanh) VALUES("QSA000000041", "DSA000000007", "CNH000000000");
INSERT INTO quyen_sach(ma, ma_dau_sach, ma_chi_nhanh) VALUES("QSA000000042", "DSA000000000", "CNH000000000");
INSERT INTO quyen_sach(ma, ma_dau_sach, ma_chi_nhanh) VALUES("QSA000000043", "DSA000000006", "CNH000000001");
INSERT INTO quyen_sach(ma, ma_dau_sach, ma_chi_nhanh) VALUES("QSA000000044", "DSA000000009", "CNH000000001");
INSERT INTO quyen_sach(ma, ma_dau_sach, ma_chi_nhanh) VALUES("QSA000000045", "DSA000000002", "CNH000000000");
INSERT INTO quyen_sach(ma, ma_dau_sach, ma_chi_nhanh) VALUES("QSA000000046", "DSA000000004", "CNH000000000");
INSERT INTO quyen_sach(ma, ma_dau_sach, ma_chi_nhanh) VALUES("QSA000000047", "DSA000000001", "CNH000000001");
INSERT INTO quyen_sach(ma, ma_dau_sach, ma_chi_nhanh) VALUES("QSA000000048", "DSA000000008", "CNH000000000");
INSERT INTO quyen_sach(ma, ma_dau_sach, ma_chi_nhanh) VALUES("QSA000000049", "DSA000000003", "CNH000000001");
INSERT INTO quyen_sach(ma, ma_dau_sach, ma_chi_nhanh) VALUES("QSA000000050", "DSA000000006", "CNH000000000");
INSERT INTO quyen_sach(ma, ma_dau_sach, ma_chi_nhanh) VALUES("QSA000000051", "DSA000000002", "CNH000000001");
INSERT INTO quyen_sach(ma, ma_dau_sach, ma_chi_nhanh) VALUES("QSA000000052", "DSA000000004", "CNH000000000");
INSERT INTO quyen_sach(ma, ma_dau_sach, ma_chi_nhanh) VALUES("QSA000000053", "DSA000000005", "CNH000000001");
INSERT INTO quyen_sach(ma, ma_dau_sach, ma_chi_nhanh) VALUES("QSA000000054", "DSA000000000", "CNH000000000");
INSERT INTO quyen_sach(ma, ma_dau_sach, ma_chi_nhanh) VALUES("QSA000000055", "DSA000000008", "CNH000000001");
INSERT INTO quyen_sach(ma, ma_dau_sach, ma_chi_nhanh) VALUES("QSA000000056", "DSA000000007", "CNH000000001");
INSERT INTO quyen_sach(ma, ma_dau_sach, ma_chi_nhanh) VALUES("QSA000000057", "DSA000000003", "CNH000000000");
INSERT INTO quyen_sach(ma, ma_dau_sach, ma_chi_nhanh) VALUES("QSA000000058", "DSA000000001", "CNH000000001");
INSERT INTO quyen_sach(ma, ma_dau_sach, ma_chi_nhanh) VALUES("QSA000000059", "DSA000000009", "CNH000000000");
INSERT INTO quyen_sach(ma, ma_dau_sach, ma_chi_nhanh) VALUES("QSA000000060", "DSA000000009", "CNH000000000");
INSERT INTO quyen_sach(ma, ma_dau_sach, ma_chi_nhanh) VALUES("QSA000000061", "DSA000000003", "CNH000000001");
INSERT INTO quyen_sach(ma, ma_dau_sach, ma_chi_nhanh) VALUES("QSA000000062", "DSA000000008", "CNH000000001");
INSERT INTO quyen_sach(ma, ma_dau_sach, ma_chi_nhanh) VALUES("QSA000000063", "DSA000000004", "CNH000000000");
INSERT INTO quyen_sach(ma, ma_dau_sach, ma_chi_nhanh) VALUES("QSA000000064", "DSA000000007", "CNH000000001");
INSERT INTO quyen_sach(ma, ma_dau_sach, ma_chi_nhanh) VALUES("QSA000000065", "DSA000000002", "CNH000000000");
INSERT INTO quyen_sach(ma, ma_dau_sach, ma_chi_nhanh) VALUES("QSA000000066", "DSA000000006", "CNH000000001");
INSERT INTO quyen_sach(ma, ma_dau_sach, ma_chi_nhanh) VALUES("QSA000000067", "DSA000000005", "CNH000000000");
INSERT INTO quyen_sach(ma, ma_dau_sach, ma_chi_nhanh) VALUES("QSA000000068", "DSA000000000", "CNH000000000");
INSERT INTO quyen_sach(ma, ma_dau_sach, ma_chi_nhanh) VALUES("QSA000000069", "DSA000000001", "CNH000000001");
INSERT INTO quyen_sach(ma, ma_dau_sach, ma_chi_nhanh) VALUES("QSA000000070", "DSA000000000", "CNH000000001");
INSERT INTO quyen_sach(ma, ma_dau_sach, ma_chi_nhanh) VALUES("QSA000000071", "DSA000000003", "CNH000000000");
INSERT INTO quyen_sach(ma, ma_dau_sach, ma_chi_nhanh) VALUES("QSA000000072", "DSA000000001", "CNH000000000");
INSERT INTO quyen_sach(ma, ma_dau_sach, ma_chi_nhanh) VALUES("QSA000000073", "DSA000000002", "CNH000000001");
INSERT INTO quyen_sach(ma, ma_dau_sach, ma_chi_nhanh) VALUES("QSA000000074", "DSA000000005", "CNH000000000");
INSERT INTO quyen_sach(ma, ma_dau_sach, ma_chi_nhanh) VALUES("QSA000000075", "DSA000000008", "CNH000000001");
INSERT INTO quyen_sach(ma, ma_dau_sach, ma_chi_nhanh) VALUES("QSA000000076", "DSA000000007", "CNH000000001");
INSERT INTO quyen_sach(ma, ma_dau_sach, ma_chi_nhanh) VALUES("QSA000000077", "DSA000000009", "CNH000000000");
INSERT INTO quyen_sach(ma, ma_dau_sach, ma_chi_nhanh) VALUES("QSA000000078", "DSA000000004", "CNH000000001");
INSERT INTO quyen_sach(ma, ma_dau_sach, ma_chi_nhanh) VALUES("QSA000000079", "DSA000000006", "CNH000000000");
INSERT INTO quyen_sach(ma, ma_dau_sach, ma_chi_nhanh) VALUES("QSA000000080", "DSA000000003", "CNH000000001");
INSERT INTO quyen_sach(ma, ma_dau_sach, ma_chi_nhanh) VALUES("QSA000000081", "DSA000000004", "CNH000000000");
INSERT INTO quyen_sach(ma, ma_dau_sach, ma_chi_nhanh) VALUES("QSA000000082", "DSA000000008", "CNH000000001");
INSERT INTO quyen_sach(ma, ma_dau_sach, ma_chi_nhanh) VALUES("QSA000000083", "DSA000000007", "CNH000000000");
INSERT INTO quyen_sach(ma, ma_dau_sach, ma_chi_nhanh) VALUES("QSA000000084", "DSA000000005", "CNH000000000");
INSERT INTO quyen_sach(ma, ma_dau_sach, ma_chi_nhanh) VALUES("QSA000000085", "DSA000000001", "CNH000000001");
INSERT INTO quyen_sach(ma, ma_dau_sach, ma_chi_nhanh) VALUES("QSA000000086", "DSA000000006", "CNH000000001");
INSERT INTO quyen_sach(ma, ma_dau_sach, ma_chi_nhanh) VALUES("QSA000000087", "DSA000000009", "CNH000000000");
INSERT INTO quyen_sach(ma, ma_dau_sach, ma_chi_nhanh) VALUES("QSA000000088", "DSA000000002", "CNH000000000");
INSERT INTO quyen_sach(ma, ma_dau_sach, ma_chi_nhanh) VALUES("QSA000000089", "DSA000000000", "CNH000000001");
INSERT INTO quyen_sach(ma, ma_dau_sach, ma_chi_nhanh) VALUES("QSA000000090", "DSA000000007", "CNH000000000");
INSERT INTO quyen_sach(ma, ma_dau_sach, ma_chi_nhanh) VALUES("QSA000000091", "DSA000000006", "CNH000000001");
INSERT INTO quyen_sach(ma, ma_dau_sach, ma_chi_nhanh) VALUES("QSA000000092", "DSA000000002", "CNH000000001");
INSERT INTO quyen_sach(ma, ma_dau_sach, ma_chi_nhanh) VALUES("QSA000000093", "DSA000000005", "CNH000000000");
INSERT INTO quyen_sach(ma, ma_dau_sach, ma_chi_nhanh) VALUES("QSA000000094", "DSA000000004", "CNH000000001");
INSERT INTO quyen_sach(ma, ma_dau_sach, ma_chi_nhanh) VALUES("QSA000000095", "DSA000000008", "CNH000000000");
INSERT INTO quyen_sach(ma, ma_dau_sach, ma_chi_nhanh) VALUES("QSA000000096", "DSA000000000", "CNH000000000");
INSERT INTO quyen_sach(ma, ma_dau_sach, ma_chi_nhanh) VALUES("QSA000000097", "DSA000000009", "CNH000000001");
INSERT INTO quyen_sach(ma, ma_dau_sach, ma_chi_nhanh) VALUES("QSA000000098", "DSA000000001", "CNH000000001");
INSERT INTO quyen_sach(ma, ma_dau_sach, ma_chi_nhanh) VALUES("QSA000000099", "DSA000000003", "CNH000000000");
INSERT INTO nha_xuat_ban(ma, ten, email, sdt, dia_chi, website) VALUES("NXB000000000", "Hồng Đức", "lienhe@hongduc.com", "0989000018", "65 Tràng Thi, Hà Nội", "www.hongduc.com");
INSERT INTO nha_xuat_ban(ma, ten, email, sdt, dia_chi, website) VALUES("NXB000000001", "Kim đồng", "lienhe@kimdong.com", "0989000019", "55 Quang Trung, Hà Nội, Việt Nam", "www.kimdong.com");
INSERT INTO voucher(ma, thoi_gian_bat_dau_hieu_luc, thoi_gian_het_hieu_luc, ma_don_hang, ma_thanh_vien, da_su_dung) VALUES("VOU000000000", STR_TO_DATE("9-4-2021", "%d-%m-%Y"), STR_TO_DATE("8-5-2021", "%d-%m-%Y"), null, "070802000012", False);
INSERT INTO voucher(ma, thoi_gian_bat_dau_hieu_luc, thoi_gian_het_hieu_luc, ma_don_hang, ma_thanh_vien, da_su_dung) VALUES("VOU000000001", STR_TO_DATE("7-1-2021", "%d-%m-%Y"), STR_TO_DATE("29-1-2021", "%d-%m-%Y"), null, "070802000010", False);
INSERT INTO voucher(ma, thoi_gian_bat_dau_hieu_luc, thoi_gian_het_hieu_luc, ma_don_hang, ma_thanh_vien, da_su_dung) VALUES("VOU000000002", STR_TO_DATE("8-1-2021", "%d-%m-%Y"), STR_TO_DATE("20-1-2021", "%d-%m-%Y"), null, "070802000011", False);
INSERT INTO giam_gia(ma, phan_tram_giam, giam_toi_da) VALUES("VOU000000001", 0.76, 721000);
INSERT INTO giam_gia_van_chuyen(ma, phan_tram_giam, giam_toi_da) VALUES("VOU000000000", 0.47, 100000);
INSERT INTO giam_gia_van_chuyen(ma, phan_tram_giam, giam_toi_da) VALUES("VOU000000002", 0.68, 100000);
INSERT INTO ap_dung_cho(ma_voucher, ma_dau_sach) VALUES("VOU000000001", "DSA000000007");
INSERT INTO ap_dung_cho(ma_voucher, ma_dau_sach) VALUES("VOU000000001", "DSA000000005");
INSERT INTO ap_dung_cho(ma_voucher, ma_dau_sach) VALUES("VOU000000001", "DSA000000001");
