INSERT INTO chi_nhanh(ma, ten, email, dia_chi) VALUES("CNH000000000", "Cơ Sở 1", "lienhe@sahafake.coso1.com", "VR79+87H, Long Thạnh Mỹ, Quận 9, Thành phố Hồ Chí Minh, Vietnam");
INSERT INTO chi_nhanh(ma, ten, email, dia_chi) VALUES("CNH000000001", "Cơ Sở 2", "lienhe@sahafake.coso2.com", "Đường Số 2, Long Thạnh Mỹ, Quận 9, Thành phố Hồ Chí Minh, Vietnam");
INSERT INTO sdt_chi_nhanh(ma_chi_nhanh, sdt) VALUES("CNH000000001", "0989000000");
INSERT INTO sdt_chi_nhanh(ma_chi_nhanh, sdt) VALUES("CNH000000000", "0989000001");
INSERT INTO sdt_chi_nhanh(ma_chi_nhanh, sdt) VALUES("CNH000000000", "0989000002");
INSERT INTO sdt_chi_nhanh(ma_chi_nhanh, sdt) VALUES("CNH000000001", "0989000003");
INSERT INTO sdt_chi_nhanh(ma_chi_nhanh, sdt) VALUES("CNH000000001", "0989000004");
INSERT INTO nhan_vien(ma, ho, ten, ngay_sinh, email, sdt, dia_chi, cccd, luong, thoi_gian_bat_dau_lam, ma_chi_nhanh, ma_quan_ly) VALUES("NVI000000000", "Ngô Anh", "Trưng", STR_TO_DATE("16-2-1988", "%d-%m-%Y"), "ngo.anh.trung.1449@sahafake.com", "0989000005", "RQQW+HJX, Tăng Nhơn Phú A, Quận 9, Quận 9 Hồ Chí Minh, Vietnam", "070802000000", 13260000, STR_TO_DATE("14-5-2015", "%d-%m-%Y"), "CNH000000000", "NVI000000008");
INSERT INTO nhan_vien(ma, ho, ten, ngay_sinh, email, sdt, dia_chi, cccd, luong, thoi_gian_bat_dau_lam, ma_chi_nhanh, ma_quan_ly) VALUES("NVI000000001", "Võ Anh", "Danh", STR_TO_DATE("17-10-1983", "%d-%m-%Y"), "vo.anh.danh.1450@sahafake.com", "0989000006", "Khu Công Nghệ Cao, Long Thạnh Mỹ, Quận 9, Thành phố Hồ Chí Minh, Vietnam", "070802000001", 17680000, STR_TO_DATE("24-7-2012", "%d-%m-%Y"), "CNH000000001", "NVI000000002");
INSERT INTO nhan_vien(ma, ho, ten, ngay_sinh, email, sdt, dia_chi, cccd, luong, thoi_gian_bat_dau_lam, ma_chi_nhanh, ma_quan_ly) VALUES("NVI000000002", "Dương Thanh", "Thuấn", STR_TO_DATE("27-6-1990", "%d-%m-%Y"), "duong.thanh.thuan.1451@sahafake.com", "0989000007", "Đường Số 2, Long Thạnh Mỹ, Quận 9, Thành phố Hồ Chí Minh, Vietnam", "070802000002", 17680000, STR_TO_DATE("30-4-2018", "%d-%m-%Y"), "CNH000000001", "NVI000000002");
INSERT INTO nhan_vien(ma, ho, ten, ngay_sinh, email, sdt, dia_chi, cccd, luong, thoi_gian_bat_dau_lam, ma_chi_nhanh, ma_quan_ly) VALUES("NVI000000003", "Trần", "Ðương", STR_TO_DATE("6-5-1995", "%d-%m-%Y"), "tran.ðuong.1452@sahafake.com", "0989000008", "Lô I5-3a, 3b, Khu Công Nghệ Cao, Tăng Nhơn Phú A, Thành Phố Thủ Đức, Thành phố Hồ Chí Minh, Vietnam", "070802000003", 4420000, STR_TO_DATE("14-4-2021", "%d-%m-%Y"), "CNH000000001", "NVI000000002");
INSERT INTO nhan_vien(ma, ho, ten, ngay_sinh, email, sdt, dia_chi, cccd, luong, thoi_gian_bat_dau_lam, ma_chi_nhanh, ma_quan_ly) VALUES("NVI000000004", "Huỳnh Anh", "Hồi", STR_TO_DATE("23-9-1996", "%d-%m-%Y"), "huynh.anh.hoi.1453@sahafake.com", "0989000009", "179 Đ. Lê Văn Việt, Long Thạnh Mỹ, Quận 9, Thành phố Hồ Chí Minh, Vietnam", "070802000004", 17680000, STR_TO_DATE("25-10-2012", "%d-%m-%Y"), "CNH000000000", "NVI000000008");
INSERT INTO nhan_vien(ma, ho, ten, ngay_sinh, email, sdt, dia_chi, cccd, luong, thoi_gian_bat_dau_lam, ma_chi_nhanh, ma_quan_ly) VALUES("NVI000000005", "Huỳnh Gia", "Nhất", STR_TO_DATE("28-3-1980", "%d-%m-%Y"), "huynh.gia.nhat.1454@sahafake.com", "0989000010", "7/11A,Đường 182,Phường Tăng Nhơn Phú A,Quận 9,Tp, Thành phố Hồ Chí Minh 70000, Vietnam", "070802000005", 4420000, STR_TO_DATE("6-2-2021", "%d-%m-%Y"), "CNH000000001", "NVI000000002");
INSERT INTO nhan_vien(ma, ho, ten, ngay_sinh, email, sdt, dia_chi, cccd, luong, thoi_gian_bat_dau_lam, ma_chi_nhanh, ma_quan_ly) VALUES("NVI000000006", "Nguyễn", "Mít", STR_TO_DATE("19-5-1999", "%d-%m-%Y"), "nguyen.mit.1455@sahafake.com", "0989000011", "VR79+87H, Long Thạnh Mỹ, Quận 9, Thành phố Hồ Chí Minh, Vietnam", "070802000006", 13260000, STR_TO_DATE("13-10-2015", "%d-%m-%Y"), "CNH000000000", "NVI000000008");
INSERT INTO nhan_vien(ma, ho, ten, ngay_sinh, email, sdt, dia_chi, cccd, luong, thoi_gian_bat_dau_lam, ma_chi_nhanh, ma_quan_ly) VALUES("NVI000000007", "Đỗ Gia", "Hương", STR_TO_DATE("5-6-1994", "%d-%m-%Y"), "do.gia.huong.1456@sahafake.com", "0989000012", "262 Hoàng Hữu Nam, Long Thạnh Mỹ, Quận 9, Thành phố Hồ Chí Minh 700000, Vietnam", "070802000007", 13260000, STR_TO_DATE("19-11-2014", "%d-%m-%Y"), "CNH000000000", "NVI000000008");
INSERT INTO nhan_vien(ma, ho, ten, ngay_sinh, email, sdt, dia_chi, cccd, luong, thoi_gian_bat_dau_lam, ma_chi_nhanh, ma_quan_ly) VALUES("NVI000000008", "Đặng Anh", "Túc", STR_TO_DATE("8-6-1981", "%d-%m-%Y"), "dang.anh.tuc.1457@sahafake.com", "0989000013", "43 Đường Số 245, khu phố 5, Quận 9, Thành phố Hồ Chí Minh 700000, Vietnam", "070802000008", 17680000, STR_TO_DATE("6-9-2013", "%d-%m-%Y"), "CNH000000000", "NVI000000008");
INSERT INTO nhan_vien(ma, ho, ten, ngay_sinh, email, sdt, dia_chi, cccd, luong, thoi_gian_bat_dau_lam, ma_chi_nhanh, ma_quan_ly) VALUES("NVI000000009", "Ngô Anh", "Thinh", STR_TO_DATE("29-11-1992", "%d-%m-%Y"), "ngo.anh.thinh.1458@sahafake.com", "0989000014", "Lot I-5C Saigon Hi-Tech Park, Quận 9, Thành phố Hồ Chí Minh, Vietnam", "070802000009", 4420000, STR_TO_DATE("11-11-2020", "%d-%m-%Y"), "CNH000000001", "NVI000000002");
INSERT INTO thu_ngan(ma, ma_quay, doanh_so) VALUES("NVI000000003", "QUA000000000", 13544000);
INSERT INTO thu_ngan(ma, ma_quay, doanh_so) VALUES("NVI000000004", "QUA000000001", 6500000);
INSERT INTO thu_ngan(ma, ma_quay, doanh_so) VALUES("NVI000000007", "QUA000000002", 12634000);
INSERT INTO thu_ngan(ma, ma_quay, doanh_so) VALUES("NVI000000005", "QUA000000003", 9866000);
INSERT INTO thu_ngan(ma, ma_quay, doanh_so) VALUES("NVI000000006", "QUA000000004", 5708000);
INSERT INTO thu_ngan(ma, ma_quay, doanh_so) VALUES("NVI000000001", "QUA000000005", 819000);
INSERT INTO quan_ly(ma, ma_chi_nhanh) VALUES("NVI000000008", "CNH000000000");
INSERT INTO quan_ly(ma, ma_chi_nhanh) VALUES("NVI000000002", "CNH000000001");
INSERT INTO don_hang(ma, ngay_tao, so_luong, tong_tien, ma_thu_ngan, ma_thanh_vien, ma_quan_ly) VALUES("DHA000000000", STR_TO_DATE("27-3-2021", "%d-%m-%Y"), 1, 267000, "NVI000000001", null, "NVI000000002");
INSERT INTO don_hang(ma, ngay_tao, so_luong, tong_tien, ma_thu_ngan, ma_thanh_vien, ma_quan_ly) VALUES("DHA000000001", STR_TO_DATE("7-9-2021", "%d-%m-%Y"), 1, 2769000, "NVI000000003", null, "NVI000000002");
INSERT INTO don_hang(ma, ngay_tao, so_luong, tong_tien, ma_thu_ngan, ma_thanh_vien, ma_quan_ly) VALUES("DHA000000002", STR_TO_DATE("14-6-2021", "%d-%m-%Y"), 2, 2288000, "NVI000000004", null, "NVI000000008");
INSERT INTO don_hang(ma, ngay_tao, so_luong, tong_tien, ma_thu_ngan, ma_thanh_vien, ma_quan_ly) VALUES("DHA000000003", STR_TO_DATE("17-2-2020", "%d-%m-%Y"), 1, 2917000, "NVI000000005", null, "NVI000000002");
INSERT INTO don_hang(ma, ngay_tao, so_luong, tong_tien, ma_thu_ngan, ma_thanh_vien, ma_quan_ly) VALUES("DHA000000004", STR_TO_DATE("21-7-2020", "%d-%m-%Y"), 2, 1328000, "NVI000000006", null, "NVI000000008");
INSERT INTO don_hang(ma, ngay_tao, so_luong, tong_tien, ma_thu_ngan, ma_thanh_vien, ma_quan_ly) VALUES("DHA000000005", STR_TO_DATE("7-4-2021", "%d-%m-%Y"), 2, 4422000, "NVI000000007", null, "NVI000000008");
INSERT INTO don_hang(ma, ngay_tao, so_luong, tong_tien, ma_thu_ngan, ma_thanh_vien, ma_quan_ly) VALUES("DHA000000006", STR_TO_DATE("14-8-2020", "%d-%m-%Y"), 1, 276000, "NVI000000001", "070802000012", "NVI000000002");
INSERT INTO don_hang(ma, ngay_tao, so_luong, tong_tien, ma_thu_ngan, ma_thanh_vien, ma_quan_ly) VALUES("DHA000000007", STR_TO_DATE("2-7-2021", "%d-%m-%Y"), 2, 3945000, "NVI000000004", null, "NVI000000008");
INSERT INTO don_hang(ma, ngay_tao, so_luong, tong_tien, ma_thu_ngan, ma_thanh_vien, ma_quan_ly) VALUES("DHA000000008", STR_TO_DATE("3-8-2021", "%d-%m-%Y"), 1, 184000, "NVI000000006", "070802000011", "NVI000000008");
INSERT INTO don_hang(ma, ngay_tao, so_luong, tong_tien, ma_thu_ngan, ma_thanh_vien, ma_quan_ly) VALUES("DHA000000009", STR_TO_DATE("25-6-2021", "%d-%m-%Y"), 1, 2769000, "NVI000000005", "070802000010", "NVI000000002");
INSERT INTO don_hang(ma, ngay_tao, so_luong, tong_tien, ma_thu_ngan, ma_thanh_vien, ma_quan_ly) VALUES("DHA000000010", STR_TO_DATE("21-8-2021", "%d-%m-%Y"), 1, 1144000, "NVI000000003", null, "NVI000000002");
INSERT INTO don_hang(ma, ngay_tao, so_luong, tong_tien, ma_thu_ngan, ma_thanh_vien, ma_quan_ly) VALUES("DHA000000011", STR_TO_DATE("24-4-2020", "%d-%m-%Y"), 2, 4729000, "NVI000000007", null, "NVI000000008");
INSERT INTO don_hang(ma, ngay_tao, so_luong, tong_tien, ma_thu_ngan, ma_thanh_vien, ma_quan_ly) VALUES("DHA000000012", STR_TO_DATE("1-4-2021", "%d-%m-%Y"), 2, 5686000, "NVI000000003", "070802000012", "NVI000000002");
INSERT INTO don_hang(ma, ngay_tao, so_luong, tong_tien, ma_thu_ngan, ma_thanh_vien, ma_quan_ly) VALUES("DHA000000013", STR_TO_DATE("19-8-2020", "%d-%m-%Y"), 1, 267000, "NVI000000004", "070802000010", "NVI000000008");
INSERT INTO don_hang(ma, ngay_tao, so_luong, tong_tien, ma_thu_ngan, ma_thanh_vien, ma_quan_ly) VALUES("DHA000000014", STR_TO_DATE("20-3-2021", "%d-%m-%Y"), 1, 276000, "NVI000000001", "070802000011", "NVI000000002");
INSERT INTO don_hang(ma, ngay_tao, so_luong, tong_tien, ma_thu_ngan, ma_thanh_vien, ma_quan_ly) VALUES("DHA000000015", STR_TO_DATE("12-3-2021", "%d-%m-%Y"), 2, 3036000, "NVI000000005", null, "NVI000000002");
INSERT INTO don_hang(ma, ngay_tao, so_luong, tong_tien, ma_thu_ngan, ma_thanh_vien, ma_quan_ly) VALUES("DHA000000016", STR_TO_DATE("19-7-2020", "%d-%m-%Y"), 2, 4196000, "NVI000000006", "070802000010", "NVI000000008");
INSERT INTO don_hang(ma, ngay_tao, so_luong, tong_tien, ma_thu_ngan, ma_thanh_vien, ma_quan_ly) VALUES("DHA000000017", STR_TO_DATE("4-3-2020", "%d-%m-%Y"), 2, 3483000, "NVI000000007", "070802000012", "NVI000000008");
INSERT INTO don_hang(ma, ngay_tao, so_luong, tong_tien, ma_thu_ngan, ma_thanh_vien, ma_quan_ly) VALUES("DHA000000018", STR_TO_DATE("3-2-2021", "%d-%m-%Y"), 1, 1144000, "NVI000000005", null, "NVI000000002");
INSERT INTO don_hang(ma, ngay_tao, so_luong, tong_tien, ma_thu_ngan, ma_thanh_vien, ma_quan_ly) VALUES("DHA000000019", STR_TO_DATE("12-9-2020", "%d-%m-%Y"), 2, 3945000, "NVI000000003", null, "NVI000000002");
INSERT INTO bao_gom(ma_don, ma_quyen_sach) VALUES("DHA000000012", "QSA000000041");
INSERT INTO bao_gom(ma_don, ma_quyen_sach) VALUES("DHA000000013", "QSA000000012");
INSERT INTO bao_gom(ma_don, ma_quyen_sach) VALUES("DHA000000011", "QSA000000092");
INSERT INTO bao_gom(ma_don, ma_quyen_sach) VALUES("DHA000000017", "QSA000000018");
INSERT INTO bao_gom(ma_don, ma_quyen_sach) VALUES("DHA000000008", "QSA000000035");
INSERT INTO bao_gom(ma_don, ma_quyen_sach) VALUES("DHA000000005", "QSA000000006");
INSERT INTO bao_gom(ma_don, ma_quyen_sach) VALUES("DHA000000018", "QSA000000046");
INSERT INTO bao_gom(ma_don, ma_quyen_sach) VALUES("DHA000000004", "QSA000000030");
INSERT INTO bao_gom(ma_don, ma_quyen_sach) VALUES("DHA000000010", "QSA000000019");
INSERT INTO bao_gom(ma_don, ma_quyen_sach) VALUES("DHA000000000", "QSA000000028");
INSERT INTO bao_gom(ma_don, ma_quyen_sach) VALUES("DHA000000002", "QSA000000079");
INSERT INTO bao_gom(ma_don, ma_quyen_sach) VALUES("DHA000000006", "QSA000000005");
INSERT INTO bao_gom(ma_don, ma_quyen_sach) VALUES("DHA000000007", "QSA000000057");
INSERT INTO bao_gom(ma_don, ma_quyen_sach) VALUES("DHA000000001", "QSA000000098");
INSERT INTO bao_gom(ma_don, ma_quyen_sach) VALUES("DHA000000003", "QSA000000008");
INSERT INTO bao_gom(ma_don, ma_quyen_sach) VALUES("DHA000000014", "QSA000000040");
INSERT INTO bao_gom(ma_don, ma_quyen_sach) VALUES("DHA000000009", "QSA000000002");
INSERT INTO bao_gom(ma_don, ma_quyen_sach) VALUES("DHA000000016", "QSA000000027");
INSERT INTO bao_gom(ma_don, ma_quyen_sach) VALUES("DHA000000019", "QSA000000011");
INSERT INTO bao_gom(ma_don, ma_quyen_sach) VALUES("DHA000000015", "QSA000000013");
INSERT INTO bao_gom(ma_don, ma_quyen_sach) VALUES("DHA000000012", "QSA000000050");
INSERT INTO bao_gom(ma_don, ma_quyen_sach) VALUES("DHA000000016", "QSA000000069");
INSERT INTO bao_gom(ma_don, ma_quyen_sach) VALUES("DHA000000019", "QSA000000062");
INSERT INTO bao_gom(ma_don, ma_quyen_sach) VALUES("DHA000000002", "QSA000000053");
INSERT INTO bao_gom(ma_don, ma_quyen_sach) VALUES("DHA000000017", "QSA000000010");
INSERT INTO bao_gom(ma_don, ma_quyen_sach) VALUES("DHA000000007", "QSA000000007");
INSERT INTO bao_gom(ma_don, ma_quyen_sach) VALUES("DHA000000004", "QSA000000073");
INSERT INTO bao_gom(ma_don, ma_quyen_sach) VALUES("DHA000000005", "QSA000000043");
INSERT INTO bao_gom(ma_don, ma_quyen_sach) VALUES("DHA000000011", "QSA000000025");
INSERT INTO bao_gom(ma_don, ma_quyen_sach) VALUES("DHA000000015", "QSA000000004");
INSERT INTO don_hang_online(ma, ngay_dat, so_luong, tong_tien, ma_thanh_vien, ma_don_offline) VALUES("DHO000000000", STR_TO_DATE("28-7-2020", "%d-%m-%Y"), 4, 8844000, "070802000010", null);
INSERT INTO don_hang_online(ma, ngay_dat, so_luong, tong_tien, ma_thanh_vien, ma_don_offline) VALUES("DHO000000001", STR_TO_DATE("7-4-2021", "%d-%m-%Y"), 18, 12780000, "070802000012", null);
INSERT INTO don_hang_online(ma, ngay_dat, so_luong, tong_tien, ma_thanh_vien, ma_don_offline) VALUES("DHO000000002", STR_TO_DATE("25-1-2020", "%d-%m-%Y"), 16, 41794000, "070802000011", null);
INSERT INTO don_hang_online(ma, ngay_dat, so_luong, tong_tien, ma_thanh_vien, ma_don_offline) VALUES("DHO000000003", STR_TO_DATE("11-6-2020", "%d-%m-%Y"), 1, 2917000, "070802000011", null);
INSERT INTO don_hang_online(ma, ngay_dat, so_luong, tong_tien, ma_thanh_vien, ma_don_offline) VALUES("DHO000000004", STR_TO_DATE("15-9-2021", "%d-%m-%Y"), 2, 534000, "070802000012", null);
INSERT INTO bao_gom_online(ma_don, ma_dau_sach, so_luong) VALUES("DHO000000002", "DSA000000006", 6);
INSERT INTO bao_gom_online(ma_don, ma_dau_sach, so_luong) VALUES("DHO000000003", "DSA000000008", 1);
INSERT INTO bao_gom_online(ma_don, ma_dau_sach, so_luong) VALUES("DHO000000001", "DSA000000009", 9);
INSERT INTO bao_gom_online(ma_don, ma_dau_sach, so_luong) VALUES("DHO000000004", "DSA000000004", 2);
INSERT INTO bao_gom_online(ma_don, ma_dau_sach, so_luong) VALUES("DHO000000000", "DSA000000003", 4);
INSERT INTO bao_gom_online(ma_don, ma_dau_sach, so_luong) VALUES("DHO000000001", "DSA000000001", 9);
INSERT INTO bao_gom_online(ma_don, ma_dau_sach, so_luong) VALUES("DHO000000002", "DSA000000000", 10);
INSERT INTO thanh_vien(cccd, ho, ten, email, sdt, dia_chi) VALUES("070802000010", "Hoàng Gia", "Tùng", "hoang.gia.tung.1459@gmail.com", "0989000015", "15D Số 12, Tăng Nhơn Phú A, Quận 9, Thành phố Hồ Chí Minh, Vietnam");
INSERT INTO thanh_vien(cccd, ho, ten, email, sdt, dia_chi) VALUES("070802000011", "Bùi Gia", "Từ", "bui.gia.tu.1460@gmail.com", "0989000016", "Lô I5-1, đường N7, Khu Công Nghệ Cao, Phường Tăng Nhơn Phú A, Hồ Chí Minh, Vietnam");
INSERT INTO thanh_vien(cccd, ho, ten, email, sdt, dia_chi) VALUES("070802000012", "Ngô Anh", "Giàu", "ngo.anh.giau.1461@gmail.com", "0989000017", "12/86C Đ. Lê Văn Việt, Phường Tân Phú, Quận 9, Thành phố Hồ Chí Minh, Vietnam");
INSERT INTO dau_sach(ma, ten, tac_gia, the_loai, gia_nhap, gia_niem_yet, so_luong, ma_nha_xuat_ban) VALUES("DSA000000000", "Đam mê để làm gì", "Đỗ Lan", "kỹ năng", 2266000, 2518000, 10, "NXB000000000");
INSERT INTO dau_sach(ma, ten, tac_gia, the_loai, gia_nhap, gia_niem_yet, so_luong, ma_nha_xuat_ban) VALUES("DSA000000001", "Đòi nợ", "Huỳnh Gia Hiếu", "truyện", 248000, 276000, 10, "NXB000000001");
INSERT INTO dau_sach(ma, ten, tac_gia, the_loai, gia_nhap, gia_niem_yet, so_luong, ma_nha_xuat_ban) VALUES("DSA000000002", "Những người vui sướng", "Hoàng Thanh Diễm", "truyện", 1284000, 1427000, 10, "NXB000000001");
INSERT INTO dau_sach(ma, ten, tac_gia, the_loai, gia_nhap, gia_niem_yet, so_luong, ma_nha_xuat_ban) VALUES("DSA000000003", "Chinh phục IELTS", "Đỗ Dũ", "giáo dục", 1989000, 2211000, 10, "NXB000000000");
INSERT INTO dau_sach(ma, ten, tac_gia, the_loai, gia_nhap, gia_niem_yet, so_luong, ma_nha_xuat_ban) VALUES("DSA000000004", "Mẹ giàu mẹ nghèo", "Đỗ Tỵ", "kỹ năng", 240000, 267000, 10, "NXB000000001");
INSERT INTO dau_sach(ma, ten, tac_gia, the_loai, gia_nhap, gia_niem_yet, so_luong, ma_nha_xuat_ban) VALUES("DSA000000005", "Trò chơi con mực", "Lê Hiếu", "truyện", 868000, 965000, 10, "NXB000000000");
INSERT INTO dau_sach(ma, ten, tac_gia, the_loai, gia_nhap, gia_niem_yet, so_luong, ma_nha_xuat_ban) VALUES("DSA000000006", "Giao tiếp tiếng Nhật", "Đỗ Gia Yêm", "giáo dục", 2492000, 2769000, 10, "NXB000000000");
INSERT INTO dau_sach(ma, ten, tac_gia, the_loai, gia_nhap, gia_niem_yet, so_luong, ma_nha_xuat_ban) VALUES("DSA000000007", "Mind Map cho người mới bắt đầu", "Đỗ Anh Xương", "kỹ năng", 165000, 184000, 10, "NXB000000001");
INSERT INTO dau_sach(ma, ten, tac_gia, the_loai, gia_nhap, gia_niem_yet, so_luong, ma_nha_xuat_ban) VALUES("DSA000000008", "Những con số thay đổi thế giới", "Trần Ðạo", "kiến thức", 2625000, 2917000, 10, "NXB000000000");
INSERT INTO dau_sach(ma, ten, tac_gia, the_loai, gia_nhap, gia_niem_yet, so_luong, ma_nha_xuat_ban) VALUES("DSA000000009", "Hắc dạ hành", "Võ Gia Thược", "đạo giáo", 1029000, 1144000, 10, "NXB000000001");
INSERT INTO quyen_sach(ma, ma_dau_sach, ma_chi_nhanh) VALUES("QSA000000000", "DSA000000000", "CNH000000001");
INSERT INTO quyen_sach(ma, ma_dau_sach, ma_chi_nhanh) VALUES("QSA000000001", "DSA000000005", "CNH000000000");
INSERT INTO quyen_sach(ma, ma_dau_sach, ma_chi_nhanh) VALUES("QSA000000002", "DSA000000006", "CNH000000001");
INSERT INTO quyen_sach(ma, ma_dau_sach, ma_chi_nhanh) VALUES("QSA000000003", "DSA000000007", "CNH000000000");
INSERT INTO quyen_sach(ma, ma_dau_sach, ma_chi_nhanh) VALUES("QSA000000004", "DSA000000004", "CNH000000001");
INSERT INTO quyen_sach(ma, ma_dau_sach, ma_chi_nhanh) VALUES("QSA000000005", "DSA000000001", "CNH000000000");
INSERT INTO quyen_sach(ma, ma_dau_sach, ma_chi_nhanh) VALUES("QSA000000006", "DSA000000003", "CNH000000000");
INSERT INTO quyen_sach(ma, ma_dau_sach, ma_chi_nhanh) VALUES("QSA000000007", "DSA000000002", "CNH000000001");
INSERT INTO quyen_sach(ma, ma_dau_sach, ma_chi_nhanh) VALUES("QSA000000008", "DSA000000008", "CNH000000000");
INSERT INTO quyen_sach(ma, ma_dau_sach, ma_chi_nhanh) VALUES("QSA000000009", "DSA000000009", "CNH000000001");
INSERT INTO quyen_sach(ma, ma_dau_sach, ma_chi_nhanh) VALUES("QSA000000010", "DSA000000000", "CNH000000001");
INSERT INTO quyen_sach(ma, ma_dau_sach, ma_chi_nhanh) VALUES("QSA000000011", "DSA000000002", "CNH000000000");
INSERT INTO quyen_sach(ma, ma_dau_sach, ma_chi_nhanh) VALUES("QSA000000012", "DSA000000004", "CNH000000001");
INSERT INTO quyen_sach(ma, ma_dau_sach, ma_chi_nhanh) VALUES("QSA000000013", "DSA000000006", "CNH000000000");
INSERT INTO quyen_sach(ma, ma_dau_sach, ma_chi_nhanh) VALUES("QSA000000014", "DSA000000008", "CNH000000000");
INSERT INTO quyen_sach(ma, ma_dau_sach, ma_chi_nhanh) VALUES("QSA000000015", "DSA000000001", "CNH000000001");
INSERT INTO quyen_sach(ma, ma_dau_sach, ma_chi_nhanh) VALUES("QSA000000016", "DSA000000007", "CNH000000001");
INSERT INTO quyen_sach(ma, ma_dau_sach, ma_chi_nhanh) VALUES("QSA000000017", "DSA000000003", "CNH000000000");
INSERT INTO quyen_sach(ma, ma_dau_sach, ma_chi_nhanh) VALUES("QSA000000018", "DSA000000005", "CNH000000000");
INSERT INTO quyen_sach(ma, ma_dau_sach, ma_chi_nhanh) VALUES("QSA000000019", "DSA000000009", "CNH000000001");
INSERT INTO quyen_sach(ma, ma_dau_sach, ma_chi_nhanh) VALUES("QSA000000020", "DSA000000000", "CNH000000000");
INSERT INTO quyen_sach(ma, ma_dau_sach, ma_chi_nhanh) VALUES("QSA000000021", "DSA000000009", "CNH000000001");
INSERT INTO quyen_sach(ma, ma_dau_sach, ma_chi_nhanh) VALUES("QSA000000022", "DSA000000008", "CNH000000000");
INSERT INTO quyen_sach(ma, ma_dau_sach, ma_chi_nhanh) VALUES("QSA000000023", "DSA000000006", "CNH000000001");
INSERT INTO quyen_sach(ma, ma_dau_sach, ma_chi_nhanh) VALUES("QSA000000024", "DSA000000005", "CNH000000000");
INSERT INTO quyen_sach(ma, ma_dau_sach, ma_chi_nhanh) VALUES("QSA000000025", "DSA000000003", "CNH000000001");
INSERT INTO quyen_sach(ma, ma_dau_sach, ma_chi_nhanh) VALUES("QSA000000026", "DSA000000007", "CNH000000000");
INSERT INTO quyen_sach(ma, ma_dau_sach, ma_chi_nhanh) VALUES("QSA000000027", "DSA000000002", "CNH000000001");
INSERT INTO quyen_sach(ma, ma_dau_sach, ma_chi_nhanh) VALUES("QSA000000028", "DSA000000004", "CNH000000001");
INSERT INTO quyen_sach(ma, ma_dau_sach, ma_chi_nhanh) VALUES("QSA000000029", "DSA000000001", "CNH000000000");
INSERT INTO quyen_sach(ma, ma_dau_sach, ma_chi_nhanh) VALUES("QSA000000030", "DSA000000009", "CNH000000001");
INSERT INTO quyen_sach(ma, ma_dau_sach, ma_chi_nhanh) VALUES("QSA000000031", "DSA000000008", "CNH000000000");
INSERT INTO quyen_sach(ma, ma_dau_sach, ma_chi_nhanh) VALUES("QSA000000032", "DSA000000003", "CNH000000001");
INSERT INTO quyen_sach(ma, ma_dau_sach, ma_chi_nhanh) VALUES("QSA000000033", "DSA000000005", "CNH000000000");
INSERT INTO quyen_sach(ma, ma_dau_sach, ma_chi_nhanh) VALUES("QSA000000034", "DSA000000000", "CNH000000000");
INSERT INTO quyen_sach(ma, ma_dau_sach, ma_chi_nhanh) VALUES("QSA000000035", "DSA000000007", "CNH000000001");
INSERT INTO quyen_sach(ma, ma_dau_sach, ma_chi_nhanh) VALUES("QSA000000036", "DSA000000006", "CNH000000001");
INSERT INTO quyen_sach(ma, ma_dau_sach, ma_chi_nhanh) VALUES("QSA000000037", "DSA000000002", "CNH000000000");
INSERT INTO quyen_sach(ma, ma_dau_sach, ma_chi_nhanh) VALUES("QSA000000038", "DSA000000004", "CNH000000000");
INSERT INTO quyen_sach(ma, ma_dau_sach, ma_chi_nhanh) VALUES("QSA000000039", "DSA000000001", "CNH000000001");
INSERT INTO quyen_sach(ma, ma_dau_sach, ma_chi_nhanh) VALUES("QSA000000040", "DSA000000001", "CNH000000001");
INSERT INTO quyen_sach(ma, ma_dau_sach, ma_chi_nhanh) VALUES("QSA000000041", "DSA000000008", "CNH000000000");
INSERT INTO quyen_sach(ma, ma_dau_sach, ma_chi_nhanh) VALUES("QSA000000042", "DSA000000002", "CNH000000000");
INSERT INTO quyen_sach(ma, ma_dau_sach, ma_chi_nhanh) VALUES("QSA000000043", "DSA000000003", "CNH000000001");
INSERT INTO quyen_sach(ma, ma_dau_sach, ma_chi_nhanh) VALUES("QSA000000044", "DSA000000000", "CNH000000001");
INSERT INTO quyen_sach(ma, ma_dau_sach, ma_chi_nhanh) VALUES("QSA000000045", "DSA000000004", "CNH000000000");
INSERT INTO quyen_sach(ma, ma_dau_sach, ma_chi_nhanh) VALUES("QSA000000046", "DSA000000009", "CNH000000001");
INSERT INTO quyen_sach(ma, ma_dau_sach, ma_chi_nhanh) VALUES("QSA000000047", "DSA000000006", "CNH000000000");
INSERT INTO quyen_sach(ma, ma_dau_sach, ma_chi_nhanh) VALUES("QSA000000048", "DSA000000005", "CNH000000000");
INSERT INTO quyen_sach(ma, ma_dau_sach, ma_chi_nhanh) VALUES("QSA000000049", "DSA000000007", "CNH000000001");
INSERT INTO quyen_sach(ma, ma_dau_sach, ma_chi_nhanh) VALUES("QSA000000050", "DSA000000006", "CNH000000000");
INSERT INTO quyen_sach(ma, ma_dau_sach, ma_chi_nhanh) VALUES("QSA000000051", "DSA000000007", "CNH000000001");
INSERT INTO quyen_sach(ma, ma_dau_sach, ma_chi_nhanh) VALUES("QSA000000052", "DSA000000004", "CNH000000001");
INSERT INTO quyen_sach(ma, ma_dau_sach, ma_chi_nhanh) VALUES("QSA000000053", "DSA000000009", "CNH000000000");
INSERT INTO quyen_sach(ma, ma_dau_sach, ma_chi_nhanh) VALUES("QSA000000054", "DSA000000005", "CNH000000000");
INSERT INTO quyen_sach(ma, ma_dau_sach, ma_chi_nhanh) VALUES("QSA000000055", "DSA000000001", "CNH000000001");
INSERT INTO quyen_sach(ma, ma_dau_sach, ma_chi_nhanh) VALUES("QSA000000056", "DSA000000002", "CNH000000001");
INSERT INTO quyen_sach(ma, ma_dau_sach, ma_chi_nhanh) VALUES("QSA000000057", "DSA000000000", "CNH000000000");
INSERT INTO quyen_sach(ma, ma_dau_sach, ma_chi_nhanh) VALUES("QSA000000058", "DSA000000008", "CNH000000001");
INSERT INTO quyen_sach(ma, ma_dau_sach, ma_chi_nhanh) VALUES("QSA000000059", "DSA000000003", "CNH000000000");
INSERT INTO quyen_sach(ma, ma_dau_sach, ma_chi_nhanh) VALUES("QSA000000060", "DSA000000003", "CNH000000001");
INSERT INTO quyen_sach(ma, ma_dau_sach, ma_chi_nhanh) VALUES("QSA000000061", "DSA000000002", "CNH000000000");
INSERT INTO quyen_sach(ma, ma_dau_sach, ma_chi_nhanh) VALUES("QSA000000062", "DSA000000000", "CNH000000001");
INSERT INTO quyen_sach(ma, ma_dau_sach, ma_chi_nhanh) VALUES("QSA000000063", "DSA000000005", "CNH000000000");
INSERT INTO quyen_sach(ma, ma_dau_sach, ma_chi_nhanh) VALUES("QSA000000064", "DSA000000009", "CNH000000000");
INSERT INTO quyen_sach(ma, ma_dau_sach, ma_chi_nhanh) VALUES("QSA000000065", "DSA000000008", "CNH000000001");
INSERT INTO quyen_sach(ma, ma_dau_sach, ma_chi_nhanh) VALUES("QSA000000066", "DSA000000001", "CNH000000001");
INSERT INTO quyen_sach(ma, ma_dau_sach, ma_chi_nhanh) VALUES("QSA000000067", "DSA000000007", "CNH000000000");
INSERT INTO quyen_sach(ma, ma_dau_sach, ma_chi_nhanh) VALUES("QSA000000068", "DSA000000004", "CNH000000001");
INSERT INTO quyen_sach(ma, ma_dau_sach, ma_chi_nhanh) VALUES("QSA000000069", "DSA000000006", "CNH000000000");
INSERT INTO quyen_sach(ma, ma_dau_sach, ma_chi_nhanh) VALUES("QSA000000070", "DSA000000001", "CNH000000001");
INSERT INTO quyen_sach(ma, ma_dau_sach, ma_chi_nhanh) VALUES("QSA000000071", "DSA000000006", "CNH000000000");
INSERT INTO quyen_sach(ma, ma_dau_sach, ma_chi_nhanh) VALUES("QSA000000072", "DSA000000004", "CNH000000001");
INSERT INTO quyen_sach(ma, ma_dau_sach, ma_chi_nhanh) VALUES("QSA000000073", "DSA000000007", "CNH000000000");
INSERT INTO quyen_sach(ma, ma_dau_sach, ma_chi_nhanh) VALUES("QSA000000074", "DSA000000008", "CNH000000000");
INSERT INTO quyen_sach(ma, ma_dau_sach, ma_chi_nhanh) VALUES("QSA000000075", "DSA000000000", "CNH000000001");
INSERT INTO quyen_sach(ma, ma_dau_sach, ma_chi_nhanh) VALUES("QSA000000076", "DSA000000003", "CNH000000001");
INSERT INTO quyen_sach(ma, ma_dau_sach, ma_chi_nhanh) VALUES("QSA000000077", "DSA000000005", "CNH000000000");
INSERT INTO quyen_sach(ma, ma_dau_sach, ma_chi_nhanh) VALUES("QSA000000078", "DSA000000002", "CNH000000000");
INSERT INTO quyen_sach(ma, ma_dau_sach, ma_chi_nhanh) VALUES("QSA000000079", "DSA000000009", "CNH000000001");
INSERT INTO quyen_sach(ma, ma_dau_sach, ma_chi_nhanh) VALUES("QSA000000080", "DSA000000008", "CNH000000000");
INSERT INTO quyen_sach(ma, ma_dau_sach, ma_chi_nhanh) VALUES("QSA000000081", "DSA000000005", "CNH000000001");
INSERT INTO quyen_sach(ma, ma_dau_sach, ma_chi_nhanh) VALUES("QSA000000082", "DSA000000006", "CNH000000000");
INSERT INTO quyen_sach(ma, ma_dau_sach, ma_chi_nhanh) VALUES("QSA000000083", "DSA000000003", "CNH000000001");
INSERT INTO quyen_sach(ma, ma_dau_sach, ma_chi_nhanh) VALUES("QSA000000084", "DSA000000007", "CNH000000001");
INSERT INTO quyen_sach(ma, ma_dau_sach, ma_chi_nhanh) VALUES("QSA000000085", "DSA000000004", "CNH000000000");
INSERT INTO quyen_sach(ma, ma_dau_sach, ma_chi_nhanh) VALUES("QSA000000086", "DSA000000000", "CNH000000001");
INSERT INTO quyen_sach(ma, ma_dau_sach, ma_chi_nhanh) VALUES("QSA000000087", "DSA000000001", "CNH000000000");
INSERT INTO quyen_sach(ma, ma_dau_sach, ma_chi_nhanh) VALUES("QSA000000088", "DSA000000002", "CNH000000001");
INSERT INTO quyen_sach(ma, ma_dau_sach, ma_chi_nhanh) VALUES("QSA000000089", "DSA000000009", "CNH000000000");
INSERT INTO quyen_sach(ma, ma_dau_sach, ma_chi_nhanh) VALUES("QSA000000090", "DSA000000008", "CNH000000001");
INSERT INTO quyen_sach(ma, ma_dau_sach, ma_chi_nhanh) VALUES("QSA000000091", "DSA000000002", "CNH000000000");
INSERT INTO quyen_sach(ma, ma_dau_sach, ma_chi_nhanh) VALUES("QSA000000092", "DSA000000000", "CNH000000000");
INSERT INTO quyen_sach(ma, ma_dau_sach, ma_chi_nhanh) VALUES("QSA000000093", "DSA000000007", "CNH000000001");
INSERT INTO quyen_sach(ma, ma_dau_sach, ma_chi_nhanh) VALUES("QSA000000094", "DSA000000009", "CNH000000001");
INSERT INTO quyen_sach(ma, ma_dau_sach, ma_chi_nhanh) VALUES("QSA000000095", "DSA000000005", "CNH000000000");
INSERT INTO quyen_sach(ma, ma_dau_sach, ma_chi_nhanh) VALUES("QSA000000096", "DSA000000004", "CNH000000001");
INSERT INTO quyen_sach(ma, ma_dau_sach, ma_chi_nhanh) VALUES("QSA000000097", "DSA000000001", "CNH000000000");
INSERT INTO quyen_sach(ma, ma_dau_sach, ma_chi_nhanh) VALUES("QSA000000098", "DSA000000006", "CNH000000001");
INSERT INTO quyen_sach(ma, ma_dau_sach, ma_chi_nhanh) VALUES("QSA000000099", "DSA000000003", "CNH000000000");
INSERT INTO nha_xuat_ban(ma, ten, email, sdt, dia_chi, website) VALUES("NXB000000000", "Hồng Đức", "lienhe@hongduc.com", "0989000018", "65 Tràng Thi, Hà Nội", "www.hongduc.com");
INSERT INTO nha_xuat_ban(ma, ten, email, sdt, dia_chi, website) VALUES("NXB000000001", "Kim đồng", "lienhe@kimdong.com", "0989000019", "55 Quang Trung, Hà Nội, Việt Nam", "www.kimdong.com");
INSERT INTO voucher(ma, thoi_gian_bat_dau_hieu_luc, thoi_gian_het_hieu_luc, ma_don_hang, ma_thanh_vien, da_su_dung) VALUES("VOU000000000", STR_TO_DATE("21-5-2021", "%d-%m-%Y"), STR_TO_DATE("31-7-2021", "%d-%m-%Y"), null, "070802000011", False);
INSERT INTO voucher(ma, thoi_gian_bat_dau_hieu_luc, thoi_gian_het_hieu_luc, ma_don_hang, ma_thanh_vien, da_su_dung) VALUES("VOU000000001", STR_TO_DATE("15-7-2021", "%d-%m-%Y"), STR_TO_DATE("22-10-2021", "%d-%m-%Y"), null, "070802000010", False);
INSERT INTO voucher(ma, thoi_gian_bat_dau_hieu_luc, thoi_gian_het_hieu_luc, ma_don_hang, ma_thanh_vien, da_su_dung) VALUES("VOU000000002", STR_TO_DATE("4-9-2021", "%d-%m-%Y"), STR_TO_DATE("5-10-2021", "%d-%m-%Y"), null, "070802000012", False);
INSERT INTO giam_gia(ma, phan_tram_giam, giam_toi_da) VALUES("VOU000000000", 0.22, 883000);
INSERT INTO giam_gia_van_chuyen(ma, phan_tram_giam, giam_toi_da) VALUES("VOU000000002", 0.75, 89000);
INSERT INTO giam_gia_van_chuyen(ma, phan_tram_giam, giam_toi_da) VALUES("VOU000000001", 0.38, 20000);
INSERT INTO ap_dung_cho(ma_voucher, ma_dau_sach) VALUES("VOU000000000", "DSA000000007");
INSERT INTO ap_dung_cho(ma_voucher, ma_dau_sach) VALUES("VOU000000000", "DSA000000005");
INSERT INTO ap_dung_cho(ma_voucher, ma_dau_sach) VALUES("VOU000000000", "DSA000000009");
