INSERT INTO chi_nhanh(ma, ten, email, dia_chi) VALUES("CNH000000000", "Cơ Sở 1", "lienhe@sahafake.coso1.com", "Lô I5-3a, 3b, Khu Công Nghệ Cao, Tăng Nhơn Phú A, Thành Phố Thủ Đức, Thành phố Hồ Chí Minh, Vietnam");
INSERT INTO chi_nhanh(ma, ten, email, dia_chi) VALUES("CNH000000001", "Cơ Sở 2", "lienhe@sahafake.coso2.com", "179 Đ. Lê Văn Việt, Long Thạnh Mỹ, Quận 9, Thành phố Hồ Chí Minh, Vietnam");
INSERT INTO sdt_chi_nhanh(ma_chi_nhanh, sdt) VALUES("CNH000000000", "0989000000");
INSERT INTO sdt_chi_nhanh(ma_chi_nhanh, sdt) VALUES("CNH000000001", "0989000001");
INSERT INTO sdt_chi_nhanh(ma_chi_nhanh, sdt) VALUES("CNH000000001", "0989000002");
INSERT INTO sdt_chi_nhanh(ma_chi_nhanh, sdt) VALUES("CNH000000000", "0989000003");
INSERT INTO sdt_chi_nhanh(ma_chi_nhanh, sdt) VALUES("CNH000000000", "0989000004");
INSERT INTO nhan_vien(ma, ho, ten, ngay_sinh, email, sdt, dia_chi, cccd, luong, thoi_gian_bat_dau_lam, ma_chi_nhanh, ma_quan_ly) VALUES("NVI000000000", "Đỗ Anh", "Nghê", STR_TO_DATE("23-9-1983", "%d-%m-%Y"), "do.anh.nghe.3741@sahafake.com", "0989000005", "12/86C Đ. Lê Văn Việt, Phường Tân Phú, Quận 9, Thành phố Hồ Chí Minh, Vietnam", "070802000000", 17680000, STR_TO_DATE("7-10-2011", "%d-%m-%Y"), "CNH000000001", "NVI000000003");
INSERT INTO nhan_vien(ma, ho, ten, ngay_sinh, email, sdt, dia_chi, cccd, luong, thoi_gian_bat_dau_lam, ma_chi_nhanh, ma_quan_ly) VALUES("NVI000000001", "Vũ", "Trịnh", STR_TO_DATE("4-4-1998", "%d-%m-%Y"), "vu.trinh.3742@sahafake.com", "0989000006", "20/1/3 Đường Số 295, Long Thạnh Mỹ, Quận 9, Thành phố Hồ Chí Minh 700000, Vietnam", "070802000001", 13260000, STR_TO_DATE("25-2-2014", "%d-%m-%Y"), "CNH000000000", "NVI000000009");
INSERT INTO nhan_vien(ma, ho, ten, ngay_sinh, email, sdt, dia_chi, cccd, luong, thoi_gian_bat_dau_lam, ma_chi_nhanh, ma_quan_ly) VALUES("NVI000000002", "Hoàng Anh", "Vịnh", STR_TO_DATE("5-5-1985", "%d-%m-%Y"), "hoang.anh.vinh.3743@sahafake.com", "0989000007", "4 Số 12, Tăng Nhơn Phú A, Quận 9, Thành phố Hồ Chí Minh, Vietnam", "070802000002", 4420000, STR_TO_DATE("9-2-2021", "%d-%m-%Y"), "CNH000000001", "NVI000000003");
INSERT INTO nhan_vien(ma, ho, ten, ngay_sinh, email, sdt, dia_chi, cccd, luong, thoi_gian_bat_dau_lam, ma_chi_nhanh, ma_quan_ly) VALUES("NVI000000003", "Hoàng Thanh", "Hiệt", STR_TO_DATE("30-5-1983", "%d-%m-%Y"), "hoang.thanh.hiet.3744@sahafake.com", "0989000008", "VR79+87H, Long Thạnh Mỹ, Quận 9, Thành phố Hồ Chí Minh, Vietnam", "070802000003", 17680000, STR_TO_DATE("12-7-2011", "%d-%m-%Y"), "CNH000000001", "NVI000000003");
INSERT INTO nhan_vien(ma, ho, ten, ngay_sinh, email, sdt, dia_chi, cccd, luong, thoi_gian_bat_dau_lam, ma_chi_nhanh, ma_quan_ly) VALUES("NVI000000004", "Võ", "Dị", STR_TO_DATE("23-1-1991", "%d-%m-%Y"), "vo.di.3745@sahafake.com", "0989000009", "72 Đ. Lê Văn Việt, Phường Tân Phú, Quận 9, Thành phố Hồ Chí Minh, Vietnam", "070802000004", 8840000, STR_TO_DATE("6-10-2016", "%d-%m-%Y"), "CNH000000000", "NVI000000009");
INSERT INTO nhan_vien(ma, ho, ten, ngay_sinh, email, sdt, dia_chi, cccd, luong, thoi_gian_bat_dau_lam, ma_chi_nhanh, ma_quan_ly) VALUES("NVI000000005", "Huỳnh Gia", "Trọng", STR_TO_DATE("27-10-1988", "%d-%m-%Y"), "huynh.gia.trong.3746@sahafake.com", "0989000010", "43 Đường Số 245, khu phố 5, Quận 9, Thành phố Hồ Chí Minh 700000, Vietnam", "070802000005", 4420000, STR_TO_DATE("20-4-2020", "%d-%m-%Y"), "CNH000000000", "NVI000000009");
INSERT INTO nhan_vien(ma, ho, ten, ngay_sinh, email, sdt, dia_chi, cccd, luong, thoi_gian_bat_dau_lam, ma_chi_nhanh, ma_quan_ly) VALUES("NVI000000006", "Vũ Thanh", "Luân", STR_TO_DATE("17-3-1995", "%d-%m-%Y"), "vu.thanh.luan.3747@sahafake.com", "0989000011", "RQQW+HJX, Tăng Nhơn Phú A, Quận 9, Quận 9 Hồ Chí Minh, Vietnam", "070802000006", 8840000, STR_TO_DATE("18-4-2017", "%d-%m-%Y"), "CNH000000001", "NVI000000003");
INSERT INTO nhan_vien(ma, ho, ten, ngay_sinh, email, sdt, dia_chi, cccd, luong, thoi_gian_bat_dau_lam, ma_chi_nhanh, ma_quan_ly) VALUES("NVI000000007", "Lê Thanh", "Bốn", STR_TO_DATE("14-9-1990", "%d-%m-%Y"), "le.thanh.bon.3748@sahafake.com", "0989000012", "Khu Công Nghệ Cao, Long Thạnh Mỹ, Quận 9, Thành phố Hồ Chí Minh, Vietnam", "070802000007", 8840000, STR_TO_DATE("7-2-2016", "%d-%m-%Y"), "CNH000000000", "NVI000000009");
INSERT INTO nhan_vien(ma, ho, ten, ngay_sinh, email, sdt, dia_chi, cccd, luong, thoi_gian_bat_dau_lam, ma_chi_nhanh, ma_quan_ly) VALUES("NVI000000008", "Đỗ Thanh", "Gián", STR_TO_DATE("28-8-1980", "%d-%m-%Y"), "do.thanh.gian.3749@sahafake.com", "0989000013", "14A Số 12, Khu Phố 4, Quận 9, Thành phố Hồ Chí Minh 700000, Vietnam", "070802000008", 4420000, STR_TO_DATE("6-8-2020", "%d-%m-%Y"), "CNH000000001", "NVI000000003");
INSERT INTO nhan_vien(ma, ho, ten, ngay_sinh, email, sdt, dia_chi, cccd, luong, thoi_gian_bat_dau_lam, ma_chi_nhanh, ma_quan_ly) VALUES("NVI000000009", "Hồ Anh", "Thịnh", STR_TO_DATE("19-7-1990", "%d-%m-%Y"), "ho.anh.thinh.3750@sahafake.com", "0989000014", "Đường Số 2, Long Thạnh Mỹ, Quận 9, Thành phố Hồ Chí Minh, Vietnam", "070802000009", 17680000, STR_TO_DATE("17-11-2010", "%d-%m-%Y"), "CNH000000000", "NVI000000009");
INSERT INTO thu_ngan(ma, ma_quay, doanh_so) VALUES("NVI000000002", "QUA000000000", 6874000);
INSERT INTO thu_ngan(ma, ma_quay, doanh_so) VALUES("NVI000000005", "QUA000000001", 3831000);
INSERT INTO thu_ngan(ma, ma_quay, doanh_so) VALUES("NVI000000000", "QUA000000002", 7732000);
INSERT INTO thu_ngan(ma, ma_quay, doanh_so) VALUES("NVI000000007", "QUA000000003", 5067000);
INSERT INTO thu_ngan(ma, ma_quay, doanh_so) VALUES("NVI000000004", "QUA000000004", 7861000);
INSERT INTO thu_ngan(ma, ma_quay, doanh_so) VALUES("NVI000000008", "QUA000000005", 2367000);
INSERT INTO quan_ly(ma, ma_chi_nhanh) VALUES("NVI000000009", "CNH000000000");
INSERT INTO quan_ly(ma, ma_chi_nhanh) VALUES("NVI000000003", "CNH000000001");
INSERT INTO don_hang(ma, ngay_tao, so_luong, tong_tien, ma_thu_ngan, ma_thanh_vien, ma_quan_ly) VALUES("DHA000000000", STR_TO_DATE("20-6-2021", "%d-%m-%Y"), 1, 1027000, "NVI000000002", "070802000012", "NVI000000003");
INSERT INTO don_hang(ma, ngay_tao, so_luong, tong_tien, ma_thu_ngan, ma_thanh_vien, ma_quan_ly) VALUES("DHA000000001", STR_TO_DATE("4-2-2020", "%d-%m-%Y"), 2, 754000, "NVI000000008", null, "NVI000000003");
INSERT INTO don_hang(ma, ngay_tao, so_luong, tong_tien, ma_thu_ngan, ma_thanh_vien, ma_quan_ly) VALUES("DHA000000002", STR_TO_DATE("28-8-2020", "%d-%m-%Y"), 2, 829000, "NVI000000005", null, "NVI000000009");
INSERT INTO don_hang(ma, ngay_tao, so_luong, tong_tien, ma_thu_ngan, ma_thanh_vien, ma_quan_ly) VALUES("DHA000000003", STR_TO_DATE("20-1-2020", "%d-%m-%Y"), 2, 1924000, "NVI000000000", null, "NVI000000003");
INSERT INTO don_hang(ma, ngay_tao, so_luong, tong_tien, ma_thu_ngan, ma_thanh_vien, ma_quan_ly) VALUES("DHA000000004", STR_TO_DATE("21-6-2020", "%d-%m-%Y"), 2, 4238000, "NVI000000007", null, "NVI000000009");
INSERT INTO don_hang(ma, ngay_tao, so_luong, tong_tien, ma_thu_ngan, ma_thanh_vien, ma_quan_ly) VALUES("DHA000000005", STR_TO_DATE("15-6-2021", "%d-%m-%Y"), 1, 909000, "NVI000000004", null, "NVI000000009");
INSERT INTO don_hang(ma, ngay_tao, so_luong, tong_tien, ma_thu_ngan, ma_thanh_vien, ma_quan_ly) VALUES("DHA000000006", STR_TO_DATE("12-7-2021", "%d-%m-%Y"), 1, 661000, "NVI000000007", null, "NVI000000009");
INSERT INTO don_hang(ma, ngay_tao, so_luong, tong_tien, ma_thu_ngan, ma_thanh_vien, ma_quan_ly) VALUES("DHA000000007", STR_TO_DATE("17-11-2020", "%d-%m-%Y"), 2, 2758000, "NVI000000004", null, "NVI000000009");
INSERT INTO don_hang(ma, ngay_tao, so_luong, tong_tien, ma_thu_ngan, ma_thanh_vien, ma_quan_ly) VALUES("DHA000000008", STR_TO_DATE("17-11-2020", "%d-%m-%Y"), 1, 661000, "NVI000000000", null, "NVI000000003");
INSERT INTO don_hang(ma, ngay_tao, so_luong, tong_tien, ma_thu_ngan, ma_thanh_vien, ma_quan_ly) VALUES("DHA000000009", STR_TO_DATE("20-10-2020", "%d-%m-%Y"), 1, 1027000, "NVI000000008", null, "NVI000000003");
INSERT INTO don_hang(ma, ngay_tao, so_luong, tong_tien, ma_thu_ngan, ma_thanh_vien, ma_quan_ly) VALUES("DHA000000010", STR_TO_DATE("18-1-2021", "%d-%m-%Y"), 2, 2087000, "NVI000000002", null, "NVI000000003");
INSERT INTO don_hang(ma, ngay_tao, so_luong, tong_tien, ma_thu_ngan, ma_thanh_vien, ma_quan_ly) VALUES("DHA000000011", STR_TO_DATE("27-7-2021", "%d-%m-%Y"), 1, 1501000, "NVI000000005", null, "NVI000000009");
INSERT INTO don_hang(ma, ngay_tao, so_luong, tong_tien, ma_thu_ngan, ma_thanh_vien, ma_quan_ly) VALUES("DHA000000012", STR_TO_DATE("16-2-2021", "%d-%m-%Y"), 1, 586000, "NVI000000008", null, "NVI000000003");
INSERT INTO don_hang(ma, ngay_tao, so_luong, tong_tien, ma_thu_ngan, ma_thanh_vien, ma_quan_ly) VALUES("DHA000000013", STR_TO_DATE("18-4-2021", "%d-%m-%Y"), 2, 4194000, "NVI000000004", null, "NVI000000009");
INSERT INTO don_hang(ma, ngay_tao, so_luong, tong_tien, ma_thu_ngan, ma_thanh_vien, ma_quan_ly) VALUES("DHA000000014", STR_TO_DATE("10-7-2020", "%d-%m-%Y"), 1, 1501000, "NVI000000005", null, "NVI000000009");
INSERT INTO don_hang(ma, ngay_tao, so_luong, tong_tien, ma_thu_ngan, ma_thanh_vien, ma_quan_ly) VALUES("DHA000000015", STR_TO_DATE("17-5-2021", "%d-%m-%Y"), 1, 168000, "NVI000000007", null, "NVI000000009");
INSERT INTO don_hang(ma, ngay_tao, so_luong, tong_tien, ma_thu_ngan, ma_thanh_vien, ma_quan_ly) VALUES("DHA000000016", STR_TO_DATE("14-8-2021", "%d-%m-%Y"), 2, 1495000, "NVI000000002", null, "NVI000000003");
INSERT INTO don_hang(ma, ngay_tao, so_luong, tong_tien, ma_thu_ngan, ma_thanh_vien, ma_quan_ly) VALUES("DHA000000017", STR_TO_DATE("10-2-2021", "%d-%m-%Y"), 2, 3646000, "NVI000000000", null, "NVI000000003");
INSERT INTO don_hang(ma, ngay_tao, so_luong, tong_tien, ma_thu_ngan, ma_thanh_vien, ma_quan_ly) VALUES("DHA000000018", STR_TO_DATE("27-9-2021", "%d-%m-%Y"), 1, 1501000, "NVI000000000", null, "NVI000000003");
INSERT INTO don_hang(ma, ngay_tao, so_luong, tong_tien, ma_thu_ngan, ma_thanh_vien, ma_quan_ly) VALUES("DHA000000019", STR_TO_DATE("30-1-2020", "%d-%m-%Y"), 2, 2265000, "NVI000000002", "070802000010", "NVI000000003");
INSERT INTO bao_gom(ma_don, ma_quyen_sach) VALUES("DHA000000000", "QSA000000055");
INSERT INTO bao_gom(ma_don, ma_quyen_sach) VALUES("DHA000000005", "QSA000000068");
INSERT INTO bao_gom(ma_don, ma_quyen_sach) VALUES("DHA000000018", "QSA000000078");
INSERT INTO bao_gom(ma_don, ma_quyen_sach) VALUES("DHA000000006", "QSA000000004");
INSERT INTO bao_gom(ma_don, ma_quyen_sach) VALUES("DHA000000008", "QSA000000063");
INSERT INTO bao_gom(ma_don, ma_quyen_sach) VALUES("DHA000000017", "QSA000000082");
INSERT INTO bao_gom(ma_don, ma_quyen_sach) VALUES("DHA000000010", "QSA000000046");
INSERT INTO bao_gom(ma_don, ma_quyen_sach) VALUES("DHA000000001", "QSA000000049");
INSERT INTO bao_gom(ma_don, ma_quyen_sach) VALUES("DHA000000007", "QSA000000027");
INSERT INTO bao_gom(ma_don, ma_quyen_sach) VALUES("DHA000000015", "QSA000000026");
INSERT INTO bao_gom(ma_don, ma_quyen_sach) VALUES("DHA000000009", "QSA000000030");
INSERT INTO bao_gom(ma_don, ma_quyen_sach) VALUES("DHA000000002", "QSA000000003");
INSERT INTO bao_gom(ma_don, ma_quyen_sach) VALUES("DHA000000013", "QSA000000037");
INSERT INTO bao_gom(ma_don, ma_quyen_sach) VALUES("DHA000000014", "QSA000000031");
INSERT INTO bao_gom(ma_don, ma_quyen_sach) VALUES("DHA000000019", "QSA000000050");
INSERT INTO bao_gom(ma_don, ma_quyen_sach) VALUES("DHA000000003", "QSA000000081");
INSERT INTO bao_gom(ma_don, ma_quyen_sach) VALUES("DHA000000016", "QSA000000079");
INSERT INTO bao_gom(ma_don, ma_quyen_sach) VALUES("DHA000000011", "QSA000000093");
INSERT INTO bao_gom(ma_don, ma_quyen_sach) VALUES("DHA000000012", "QSA000000080");
INSERT INTO bao_gom(ma_don, ma_quyen_sach) VALUES("DHA000000004", "QSA000000011");
INSERT INTO bao_gom(ma_don, ma_quyen_sach) VALUES("DHA000000001", "QSA000000067");
INSERT INTO bao_gom(ma_don, ma_quyen_sach) VALUES("DHA000000010", "QSA000000091");
INSERT INTO bao_gom(ma_don, ma_quyen_sach) VALUES("DHA000000017", "QSA000000001");
INSERT INTO bao_gom(ma_don, ma_quyen_sach) VALUES("DHA000000007", "QSA000000056");
INSERT INTO bao_gom(ma_don, ma_quyen_sach) VALUES("DHA000000013", "QSA000000083");
INSERT INTO bao_gom(ma_don, ma_quyen_sach) VALUES("DHA000000016", "QSA000000019");
INSERT INTO bao_gom(ma_don, ma_quyen_sach) VALUES("DHA000000003", "QSA000000033");
INSERT INTO bao_gom(ma_don, ma_quyen_sach) VALUES("DHA000000019", "QSA000000006");
INSERT INTO bao_gom(ma_don, ma_quyen_sach) VALUES("DHA000000004", "QSA000000089");
INSERT INTO bao_gom(ma_don, ma_quyen_sach) VALUES("DHA000000002", "QSA000000042");
INSERT INTO don_hang_online(ma, ngay_dat, so_luong, tong_tien, ma_thanh_vien, ma_don_offline) VALUES("DHO000000000", STR_TO_DATE("10-1-2020", "%d-%m-%Y"), 14, 23314000, "070802000012", null);
INSERT INTO don_hang_online(ma, ngay_dat, so_luong, tong_tien, ma_thanh_vien, ma_don_offline) VALUES("DHO000000001", STR_TO_DATE("4-6-2021", "%d-%m-%Y"), 9, 8181000, "070802000010", null);
INSERT INTO don_hang_online(ma, ngay_dat, so_luong, tong_tien, ma_thanh_vien, ma_don_offline) VALUES("DHO000000002", STR_TO_DATE("6-11-2021", "%d-%m-%Y"), 13, 13409000, "070802000011", null);
INSERT INTO don_hang_online(ma, ngay_dat, so_luong, tong_tien, ma_thanh_vien, ma_don_offline) VALUES("DHO000000003", STR_TO_DATE("7-7-2021", "%d-%m-%Y"), 7, 14322000, "070802000011", null);
INSERT INTO don_hang_online(ma, ngay_dat, so_luong, tong_tien, ma_thanh_vien, ma_don_offline) VALUES("DHO000000004", STR_TO_DATE("25-4-2021", "%d-%m-%Y"), 8, 21896000, "070802000012", null);
INSERT INTO bao_gom_online(ma_don, ma_dau_sach, so_luong) VALUES("DHO000000003", "DSA000000000", 7);
INSERT INTO bao_gom_online(ma_don, ma_dau_sach, so_luong) VALUES("DHO000000004", "DSA000000009", 8);
INSERT INTO bao_gom_online(ma_don, ma_dau_sach, so_luong) VALUES("DHO000000002", "DSA000000007", 8);
INSERT INTO bao_gom_online(ma_don, ma_dau_sach, so_luong) VALUES("DHO000000001", "DSA000000005", 9);
INSERT INTO bao_gom_online(ma_don, ma_dau_sach, so_luong) VALUES("DHO000000000", "DSA000000002", 4);
INSERT INTO bao_gom_online(ma_don, ma_dau_sach, so_luong) VALUES("DHO000000002", "DSA000000006", 5);
INSERT INTO bao_gom_online(ma_don, ma_dau_sach, so_luong) VALUES("DHO000000000", "DSA000000001", 10);
INSERT INTO thanh_vien(cccd, ho, ten, email, sdt, dia_chi) VALUES("070802000010", "Hồ Gia", "Ánh", "ho.gia.anh.3751@gmail.com", "0989000015", "Đường Số 2, Long Thạnh Mỹ, Quận 9, Thành phố Hồ Chí Minh, Vietnam");
INSERT INTO thanh_vien(cccd, ho, ten, email, sdt, dia_chi) VALUES("070802000011", "Vũ", "Hạt", "vu.hat.3752@gmail.com", "0989000016", "Hoàng Hữu Nam, Long Thạnh Mỹ, Quận 9, Thành phố Hồ Chí Minh, Vietnam");
INSERT INTO thanh_vien(cccd, ho, ten, email, sdt, dia_chi) VALUES("070802000012", "Vũ", "Hàm", "vu.ham.3753@gmail.com", "0989000017", "1 Đường Số 2, Long Thạnh Mỹ, Quận 9, Thành phố Hồ Chí Minh, Vietnam");
INSERT INTO dau_sach(ma, ten, tac_gia, the_loai, gia_nhap, gia_niem_yet, so_luong, ma_nha_xuat_ban) VALUES("DSA000000000", "Chú bé đội mũ trắng", "Hoàng Thạch", "kỹ năng", 1841000, 2046000, 10, "NXB000000000");
INSERT INTO dau_sach(ma, ten, tac_gia, the_loai, gia_nhap, gia_niem_yet, so_luong, ma_nha_xuat_ban) VALUES("DSA000000001", "Ngệ thuật làm tiền", "Đặng Gia Thinh", "kỹ năng", 1887000, 2097000, 10, "NXB000000001");
INSERT INTO dau_sach(ma, ten, tac_gia, the_loai, gia_nhap, gia_niem_yet, so_luong, ma_nha_xuat_ban) VALUES("DSA000000002", "Đọc nhanh cảm xúc và ngôn ngữ cơ thể", "Huỳnh Thanh Lạp", "kỹ năng", 527000, 586000, 10, "NXB000000001");
INSERT INTO dau_sach(ma, ten, tac_gia, the_loai, gia_nhap, gia_niem_yet, so_luong, ma_nha_xuat_ban) VALUES("DSA000000003", "Tâm lý học cơ bản", "Hồ Anh Hoán", "kiến thức", 151000, 168000, 10, "NXB000000000");
INSERT INTO dau_sach(ma, ten, tac_gia, the_loai, gia_nhap, gia_niem_yet, so_luong, ma_nha_xuat_ban) VALUES("DSA000000004", "Giấc mơ của Sasa", "Phan Trinh", "truyện", 924000, 1027000, 10, "NXB000000001");
INSERT INTO dau_sach(ma, ten, tac_gia, the_loai, gia_nhap, gia_niem_yet, so_luong, ma_nha_xuat_ban) VALUES("DSA000000005", "WWW 2021", "Đặng Sung", "kiến thức", 818000, 909000, 10, "NXB000000000");
INSERT INTO dau_sach(ma, ten, tac_gia, the_loai, gia_nhap, gia_niem_yet, so_luong, ma_nha_xuat_ban) VALUES("DSA000000006", "Giảm 10kg trong 2 tuần", "Ngô Gia Hạt", "kỹ năng", 594000, 661000, 10, "NXB000000000");
INSERT INTO dau_sach(ma, ten, tac_gia, the_loai, gia_nhap, gia_niem_yet, so_luong, ma_nha_xuat_ban) VALUES("DSA000000007", "Giao tiếp tiếng Nhật", "Lê Anh Hoá", "giáo dục", 1136000, 1263000, 10, "NXB000000001");
INSERT INTO dau_sach(ma, ten, tac_gia, the_loai, gia_nhap, gia_niem_yet, so_luong, ma_nha_xuat_ban) VALUES("DSA000000008", "Những người vui sướng", "Bùi Gia Ðồng", "truyện", 1350000, 1501000, 10, "NXB000000000");
INSERT INTO dau_sach(ma, ten, tac_gia, the_loai, gia_nhap, gia_niem_yet, so_luong, ma_nha_xuat_ban) VALUES("DSA000000009", "Kế toán quản trị cho các doanh nghiệp", "Vũ Gia Lanh", "kỹ năng", 2463000, 2737000, 10, "NXB000000001");
INSERT INTO quyen_sach(ma, ma_dau_sach, ma_chi_nhanh) VALUES("QSA000000000", "DSA000000007", "CNH000000001");
INSERT INTO quyen_sach(ma, ma_dau_sach, ma_chi_nhanh) VALUES("QSA000000001", "DSA000000005", "CNH000000000");
INSERT INTO quyen_sach(ma, ma_dau_sach, ma_chi_nhanh) VALUES("QSA000000002", "DSA000000002", "CNH000000000");
INSERT INTO quyen_sach(ma, ma_dau_sach, ma_chi_nhanh) VALUES("QSA000000003", "DSA000000003", "CNH000000001");
INSERT INTO quyen_sach(ma, ma_dau_sach, ma_chi_nhanh) VALUES("QSA000000004", "DSA000000006", "CNH000000001");
INSERT INTO quyen_sach(ma, ma_dau_sach, ma_chi_nhanh) VALUES("QSA000000005", "DSA000000004", "CNH000000000");
INSERT INTO quyen_sach(ma, ma_dau_sach, ma_chi_nhanh) VALUES("QSA000000006", "DSA000000001", "CNH000000000");
INSERT INTO quyen_sach(ma, ma_dau_sach, ma_chi_nhanh) VALUES("QSA000000007", "DSA000000000", "CNH000000001");
INSERT INTO quyen_sach(ma, ma_dau_sach, ma_chi_nhanh) VALUES("QSA000000008", "DSA000000008", "CNH000000000");
INSERT INTO quyen_sach(ma, ma_dau_sach, ma_chi_nhanh) VALUES("QSA000000009", "DSA000000009", "CNH000000001");
INSERT INTO quyen_sach(ma, ma_dau_sach, ma_chi_nhanh) VALUES("QSA000000010", "DSA000000003", "CNH000000000");
INSERT INTO quyen_sach(ma, ma_dau_sach, ma_chi_nhanh) VALUES("QSA000000011", "DSA000000009", "CNH000000001");
INSERT INTO quyen_sach(ma, ma_dau_sach, ma_chi_nhanh) VALUES("QSA000000012", "DSA000000006", "CNH000000000");
INSERT INTO quyen_sach(ma, ma_dau_sach, ma_chi_nhanh) VALUES("QSA000000013", "DSA000000002", "CNH000000001");
INSERT INTO quyen_sach(ma, ma_dau_sach, ma_chi_nhanh) VALUES("QSA000000014", "DSA000000008", "CNH000000001");
INSERT INTO quyen_sach(ma, ma_dau_sach, ma_chi_nhanh) VALUES("QSA000000015", "DSA000000001", "CNH000000000");
INSERT INTO quyen_sach(ma, ma_dau_sach, ma_chi_nhanh) VALUES("QSA000000016", "DSA000000004", "CNH000000000");
INSERT INTO quyen_sach(ma, ma_dau_sach, ma_chi_nhanh) VALUES("QSA000000017", "DSA000000007", "CNH000000001");
INSERT INTO quyen_sach(ma, ma_dau_sach, ma_chi_nhanh) VALUES("QSA000000018", "DSA000000000", "CNH000000000");
INSERT INTO quyen_sach(ma, ma_dau_sach, ma_chi_nhanh) VALUES("QSA000000019", "DSA000000005", "CNH000000001");
INSERT INTO quyen_sach(ma, ma_dau_sach, ma_chi_nhanh) VALUES("QSA000000020", "DSA000000009", "CNH000000000");
INSERT INTO quyen_sach(ma, ma_dau_sach, ma_chi_nhanh) VALUES("QSA000000021", "DSA000000002", "CNH000000001");
INSERT INTO quyen_sach(ma, ma_dau_sach, ma_chi_nhanh) VALUES("QSA000000022", "DSA000000007", "CNH000000000");
INSERT INTO quyen_sach(ma, ma_dau_sach, ma_chi_nhanh) VALUES("QSA000000023", "DSA000000004", "CNH000000001");
INSERT INTO quyen_sach(ma, ma_dau_sach, ma_chi_nhanh) VALUES("QSA000000024", "DSA000000005", "CNH000000001");
INSERT INTO quyen_sach(ma, ma_dau_sach, ma_chi_nhanh) VALUES("QSA000000025", "DSA000000006", "CNH000000000");
INSERT INTO quyen_sach(ma, ma_dau_sach, ma_chi_nhanh) VALUES("QSA000000026", "DSA000000003", "CNH000000001");
INSERT INTO quyen_sach(ma, ma_dau_sach, ma_chi_nhanh) VALUES("QSA000000027", "DSA000000001", "CNH000000000");
INSERT INTO quyen_sach(ma, ma_dau_sach, ma_chi_nhanh) VALUES("QSA000000028", "DSA000000008", "CNH000000000");
INSERT INTO quyen_sach(ma, ma_dau_sach, ma_chi_nhanh) VALUES("QSA000000029", "DSA000000000", "CNH000000001");
INSERT INTO quyen_sach(ma, ma_dau_sach, ma_chi_nhanh) VALUES("QSA000000030", "DSA000000004", "CNH000000001");
INSERT INTO quyen_sach(ma, ma_dau_sach, ma_chi_nhanh) VALUES("QSA000000031", "DSA000000008", "CNH000000000");
INSERT INTO quyen_sach(ma, ma_dau_sach, ma_chi_nhanh) VALUES("QSA000000032", "DSA000000005", "CNH000000000");
INSERT INTO quyen_sach(ma, ma_dau_sach, ma_chi_nhanh) VALUES("QSA000000033", "DSA000000007", "CNH000000001");
INSERT INTO quyen_sach(ma, ma_dau_sach, ma_chi_nhanh) VALUES("QSA000000034", "DSA000000003", "CNH000000000");
INSERT INTO quyen_sach(ma, ma_dau_sach, ma_chi_nhanh) VALUES("QSA000000035", "DSA000000000", "CNH000000001");
INSERT INTO quyen_sach(ma, ma_dau_sach, ma_chi_nhanh) VALUES("QSA000000036", "DSA000000009", "CNH000000000");
INSERT INTO quyen_sach(ma, ma_dau_sach, ma_chi_nhanh) VALUES("QSA000000037", "DSA000000001", "CNH000000001");
INSERT INTO quyen_sach(ma, ma_dau_sach, ma_chi_nhanh) VALUES("QSA000000038", "DSA000000002", "CNH000000000");
INSERT INTO quyen_sach(ma, ma_dau_sach, ma_chi_nhanh) VALUES("QSA000000039", "DSA000000006", "CNH000000001");
INSERT INTO quyen_sach(ma, ma_dau_sach, ma_chi_nhanh) VALUES("QSA000000040", "DSA000000002", "CNH000000000");
INSERT INTO quyen_sach(ma, ma_dau_sach, ma_chi_nhanh) VALUES("QSA000000041", "DSA000000000", "CNH000000001");
INSERT INTO quyen_sach(ma, ma_dau_sach, ma_chi_nhanh) VALUES("QSA000000042", "DSA000000006", "CNH000000001");
INSERT INTO quyen_sach(ma, ma_dau_sach, ma_chi_nhanh) VALUES("QSA000000043", "DSA000000007", "CNH000000000");
INSERT INTO quyen_sach(ma, ma_dau_sach, ma_chi_nhanh) VALUES("QSA000000044", "DSA000000001", "CNH000000001");
INSERT INTO quyen_sach(ma, ma_dau_sach, ma_chi_nhanh) VALUES("QSA000000045", "DSA000000004", "CNH000000000");
INSERT INTO quyen_sach(ma, ma_dau_sach, ma_chi_nhanh) VALUES("QSA000000046", "DSA000000008", "CNH000000000");
INSERT INTO quyen_sach(ma, ma_dau_sach, ma_chi_nhanh) VALUES("QSA000000047", "DSA000000005", "CNH000000001");
INSERT INTO quyen_sach(ma, ma_dau_sach, ma_chi_nhanh) VALUES("QSA000000048", "DSA000000009", "CNH000000000");
INSERT INTO quyen_sach(ma, ma_dau_sach, ma_chi_nhanh) VALUES("QSA000000049", "DSA000000003", "CNH000000001");
INSERT INTO quyen_sach(ma, ma_dau_sach, ma_chi_nhanh) VALUES("QSA000000050", "DSA000000003", "CNH000000001");
INSERT INTO quyen_sach(ma, ma_dau_sach, ma_chi_nhanh) VALUES("QSA000000051", "DSA000000008", "CNH000000000");
INSERT INTO quyen_sach(ma, ma_dau_sach, ma_chi_nhanh) VALUES("QSA000000052", "DSA000000009", "CNH000000000");
INSERT INTO quyen_sach(ma, ma_dau_sach, ma_chi_nhanh) VALUES("QSA000000053", "DSA000000007", "CNH000000001");
INSERT INTO quyen_sach(ma, ma_dau_sach, ma_chi_nhanh) VALUES("QSA000000054", "DSA000000000", "CNH000000000");
INSERT INTO quyen_sach(ma, ma_dau_sach, ma_chi_nhanh) VALUES("QSA000000055", "DSA000000004", "CNH000000001");
INSERT INTO quyen_sach(ma, ma_dau_sach, ma_chi_nhanh) VALUES("QSA000000056", "DSA000000006", "CNH000000001");
INSERT INTO quyen_sach(ma, ma_dau_sach, ma_chi_nhanh) VALUES("QSA000000057", "DSA000000005", "CNH000000000");
INSERT INTO quyen_sach(ma, ma_dau_sach, ma_chi_nhanh) VALUES("QSA000000058", "DSA000000002", "CNH000000000");
INSERT INTO quyen_sach(ma, ma_dau_sach, ma_chi_nhanh) VALUES("QSA000000059", "DSA000000001", "CNH000000001");
INSERT INTO quyen_sach(ma, ma_dau_sach, ma_chi_nhanh) VALUES("QSA000000060", "DSA000000004", "CNH000000000");
INSERT INTO quyen_sach(ma, ma_dau_sach, ma_chi_nhanh) VALUES("QSA000000061", "DSA000000008", "CNH000000001");
INSERT INTO quyen_sach(ma, ma_dau_sach, ma_chi_nhanh) VALUES("QSA000000062", "DSA000000001", "CNH000000000");
INSERT INTO quyen_sach(ma, ma_dau_sach, ma_chi_nhanh) VALUES("QSA000000063", "DSA000000006", "CNH000000001");
INSERT INTO quyen_sach(ma, ma_dau_sach, ma_chi_nhanh) VALUES("QSA000000064", "DSA000000003", "CNH000000001");
INSERT INTO quyen_sach(ma, ma_dau_sach, ma_chi_nhanh) VALUES("QSA000000065", "DSA000000000", "CNH000000000");
INSERT INTO quyen_sach(ma, ma_dau_sach, ma_chi_nhanh) VALUES("QSA000000066", "DSA000000007", "CNH000000001");
INSERT INTO quyen_sach(ma, ma_dau_sach, ma_chi_nhanh) VALUES("QSA000000067", "DSA000000002", "CNH000000000");
INSERT INTO quyen_sach(ma, ma_dau_sach, ma_chi_nhanh) VALUES("QSA000000068", "DSA000000005", "CNH000000000");
INSERT INTO quyen_sach(ma, ma_dau_sach, ma_chi_nhanh) VALUES("QSA000000069", "DSA000000009", "CNH000000001");
INSERT INTO quyen_sach(ma, ma_dau_sach, ma_chi_nhanh) VALUES("QSA000000070", "DSA000000003", "CNH000000001");
INSERT INTO quyen_sach(ma, ma_dau_sach, ma_chi_nhanh) VALUES("QSA000000071", "DSA000000009", "CNH000000000");
INSERT INTO quyen_sach(ma, ma_dau_sach, ma_chi_nhanh) VALUES("QSA000000072", "DSA000000005", "CNH000000000");
INSERT INTO quyen_sach(ma, ma_dau_sach, ma_chi_nhanh) VALUES("QSA000000073", "DSA000000004", "CNH000000001");
INSERT INTO quyen_sach(ma, ma_dau_sach, ma_chi_nhanh) VALUES("QSA000000074", "DSA000000001", "CNH000000001");
INSERT INTO quyen_sach(ma, ma_dau_sach, ma_chi_nhanh) VALUES("QSA000000075", "DSA000000000", "CNH000000000");
INSERT INTO quyen_sach(ma, ma_dau_sach, ma_chi_nhanh) VALUES("QSA000000076", "DSA000000007", "CNH000000000");
INSERT INTO quyen_sach(ma, ma_dau_sach, ma_chi_nhanh) VALUES("QSA000000077", "DSA000000006", "CNH000000001");
INSERT INTO quyen_sach(ma, ma_dau_sach, ma_chi_nhanh) VALUES("QSA000000078", "DSA000000008", "CNH000000001");
INSERT INTO quyen_sach(ma, ma_dau_sach, ma_chi_nhanh) VALUES("QSA000000079", "DSA000000002", "CNH000000000");
INSERT INTO quyen_sach(ma, ma_dau_sach, ma_chi_nhanh) VALUES("QSA000000080", "DSA000000002", "CNH000000000");
INSERT INTO quyen_sach(ma, ma_dau_sach, ma_chi_nhanh) VALUES("QSA000000081", "DSA000000006", "CNH000000001");
INSERT INTO quyen_sach(ma, ma_dau_sach, ma_chi_nhanh) VALUES("QSA000000082", "DSA000000009", "CNH000000001");
INSERT INTO quyen_sach(ma, ma_dau_sach, ma_chi_nhanh) VALUES("QSA000000083", "DSA000000001", "CNH000000000");
INSERT INTO quyen_sach(ma, ma_dau_sach, ma_chi_nhanh) VALUES("QSA000000084", "DSA000000005", "CNH000000000");
INSERT INTO quyen_sach(ma, ma_dau_sach, ma_chi_nhanh) VALUES("QSA000000085", "DSA000000004", "CNH000000001");
INSERT INTO quyen_sach(ma, ma_dau_sach, ma_chi_nhanh) VALUES("QSA000000086", "DSA000000007", "CNH000000000");
INSERT INTO quyen_sach(ma, ma_dau_sach, ma_chi_nhanh) VALUES("QSA000000087", "DSA000000003", "CNH000000001");
INSERT INTO quyen_sach(ma, ma_dau_sach, ma_chi_nhanh) VALUES("QSA000000088", "DSA000000000", "CNH000000001");
INSERT INTO quyen_sach(ma, ma_dau_sach, ma_chi_nhanh) VALUES("QSA000000089", "DSA000000008", "CNH000000000");
INSERT INTO quyen_sach(ma, ma_dau_sach, ma_chi_nhanh) VALUES("QSA000000090", "DSA000000000", "CNH000000000");
INSERT INTO quyen_sach(ma, ma_dau_sach, ma_chi_nhanh) VALUES("QSA000000091", "DSA000000002", "CNH000000001");
INSERT INTO quyen_sach(ma, ma_dau_sach, ma_chi_nhanh) VALUES("QSA000000092", "DSA000000006", "CNH000000000");
INSERT INTO quyen_sach(ma, ma_dau_sach, ma_chi_nhanh) VALUES("QSA000000093", "DSA000000008", "CNH000000001");
INSERT INTO quyen_sach(ma, ma_dau_sach, ma_chi_nhanh) VALUES("QSA000000094", "DSA000000007", "CNH000000001");
INSERT INTO quyen_sach(ma, ma_dau_sach, ma_chi_nhanh) VALUES("QSA000000095", "DSA000000005", "CNH000000000");
INSERT INTO quyen_sach(ma, ma_dau_sach, ma_chi_nhanh) VALUES("QSA000000096", "DSA000000009", "CNH000000001");
INSERT INTO quyen_sach(ma, ma_dau_sach, ma_chi_nhanh) VALUES("QSA000000097", "DSA000000001", "CNH000000000");
INSERT INTO quyen_sach(ma, ma_dau_sach, ma_chi_nhanh) VALUES("QSA000000098", "DSA000000003", "CNH000000000");
INSERT INTO quyen_sach(ma, ma_dau_sach, ma_chi_nhanh) VALUES("QSA000000099", "DSA000000004", "CNH000000001");
INSERT INTO nha_xuat_ban(ma, ten, email, sdt, dia_chi, website) VALUES("NXB000000000", "Hồng Đức", "lienhe@hongduc.com", "0989000018", "65 Tràng Thi, Hà Nội", "www.hongduc.com");
INSERT INTO nha_xuat_ban(ma, ten, email, sdt, dia_chi, website) VALUES("NXB000000001", "Kim đồng", "lienhe@kimdong.com", "0989000019", "55 Quang Trung, Hà Nội, Việt Nam", "www.kimdong.com");
INSERT INTO voucher(ma, thoi_gian_bat_dau_hieu_luc, thoi_gian_het_hieu_luc, ma_don_hang, ma_thanh_vien, da_su_dung) VALUES("VOU000000000", STR_TO_DATE("18-3-2021", "%d-%m-%Y"), STR_TO_DATE("9-11-2021", "%d-%m-%Y"), null, "070802000010", False);
INSERT INTO voucher(ma, thoi_gian_bat_dau_hieu_luc, thoi_gian_het_hieu_luc, ma_don_hang, ma_thanh_vien, da_su_dung) VALUES("VOU000000001", STR_TO_DATE("13-1-2021", "%d-%m-%Y"), STR_TO_DATE("10-6-2021", "%d-%m-%Y"), null, "070802000011", False);
INSERT INTO voucher(ma, thoi_gian_bat_dau_hieu_luc, thoi_gian_het_hieu_luc, ma_don_hang, ma_thanh_vien, da_su_dung) VALUES("VOU000000002", STR_TO_DATE("17-7-2021", "%d-%m-%Y"), STR_TO_DATE("18-9-2021", "%d-%m-%Y"), null, "070802000012", False);
INSERT INTO giam_gia(ma, phan_tram_giam, giam_toi_da) VALUES("VOU000000001", 0.77, 235000);
INSERT INTO giam_gia_van_chuyen(ma, phan_tram_giam, giam_toi_da) VALUES("VOU000000002", 0.26, 35000);
INSERT INTO giam_gia_van_chuyen(ma, phan_tram_giam, giam_toi_da) VALUES("VOU000000000", 0.17, 36000);
INSERT INTO ap_dung_cho(ma_voucher, ma_dau_sach) VALUES("VOU000000001", "DSA000000001");
INSERT INTO ap_dung_cho(ma_voucher, ma_dau_sach) VALUES("VOU000000001", "DSA000000003");
INSERT INTO ap_dung_cho(ma_voucher, ma_dau_sach) VALUES("VOU000000001", "DSA000000004");
